engine,case_id,transcript,first_result_ms,final_result_ms,event_code,player_match,related_player_match,error,recognition_status,candidates,voice_log
speechTranscriber,zh-Hans-two-made,张三 两 分命 中,344,344,stat.twoMade,true,true,,,张三 两 分命 中 || 中 || 重,"success | 张三两分命中 | action=2分命中 | player=张三 | 原文: 张三两分命中 | 拼音: zhang san liang fen ming zhong | 🔍 拼音回退: 关键词pinyin=liang fen | 左侧拼音: zhang san | 右侧拼音: ming zhong | 拼音回退球员: 拼音回退球员[张三(变体匹配0.95), 李四(拼音=li si vs zhang san=0.24), 王五(拼音=wang wu vs zhang san=0.40), 赵丽(拼音=zhao li vs zhang san=0.38), 刘芳(拼音=liu fang vs zhang san=0.04), 陈杰(拼音=chen jie vs zhang san=0.44), Emma(拼音=emma vs zhang san=0.12), Michael(拼音=michael vs zhang san=0.16), Alice(拼音=alice vs zhang san=0.31), John(拼音=john vs zhang san=0.12), 王Emma(拼音=wangemma vs zhang san=0.00), David(拼音=david vs zhang san=0.16)]"
speechTranscriber,zh-Hans-two-made-number,一 号 两 分 命 中,113,114,stat.twoMade,true,true,,,一 号 两 分 命 中 || 中 || 重,success | 1号两分命中 | action=2分命中 | player=张三 | 原文: 1号两分命中 | 拼音: 1hao liang fen ming zhong | 🔍 拼音回退: 关键词pinyin=liang fen | 左侧拼音: 1hao | 右侧拼音: ming zhong | 拼音回退球员: 号码1直配
speechTranscriber,zh-Hans-two-missed,李 四 两分 没 中,108,108,stat.twoMissed,true,true,,,李 四 两分 没 中 || 中 || 种 || 重,"success | 李四两分没中 | action=2分不中 | player=李四 | 原文: 李四两分没中 | 拼音: li si liang fen mei zhong | 🔍 拼音回退: 关键词pinyin=liang fen | 左侧拼音: li si | 右侧拼音: mei zhong | 拼音回退球员: 拼音回退球员[张三(拼音=zhang san vs li si=0.00), 李四(变体匹配0.95), 王五(拼音=wang wu vs li si=0.05), 赵丽(拼音=zhao li vs li si=0.00), 刘芳(拼音=liu fang vs li si=0.29), 陈杰(拼音=chen jie vs li si=0.00), Emma(拼音=emma vs li si=0.07), Michael(拼音=michael vs li si=0.21), Alice(拼音=alice vs li si=0.00), John(拼音=john vs li si=0.00), 王Emma(拼音=wangemma vs li si=0.04), David(拼音=david vs li si=0.34)]"
speechTranscriber,zh-Hans-two-missed-number,2 号两 份 没 中,108,109,stat.twoMissed,true,true,,,2 号两 份 没 中 || 中 || 种,success | 2 号两份没中 | action=2分不中 | player=李四 | 原文: 2 号两份没中 | 拼音: 2 hao liang fen mei zhong | 🔍 拼音回退: 关键词pinyin=liang fen | 左侧拼音: 2 hao | 右侧拼音: mei zhong | 拼音回退球员: 号码2直配
speechTranscriber,zh-Hans-three-made,王 武 三分命 中,109,109,stat.threeMade,true,true,,,王 武 三分命 中 || 中 || 重,"success | 王武三分命中 | action=3分命中 | player=王五 | 原文: 王武三分命中 | 拼音: wang wu san fen ming zhong | 🔍 拼音回退: 关键词pinyin=san fen | 左侧拼音: wang wu | 右侧拼音: ming zhong | 拼音回退球员: 拼音回退球员[张三(拼音=zhang san vs wang wu=0.00), 李四(拼音=li si vs wang wu=0.15), 王五(变体匹配0.95), 赵丽(拼音=zhao li vs wang wu=0.05), 刘芳(拼音=liu fang vs wang wu=0.04), 陈杰(拼音=chen jie vs wang wu=0.04), Emma(拼音=emma vs wang wu=0.12), Michael(拼音=michael vs wang wu=0.07), Alice(拼音=alice vs wang wu=0.30), John(拼音=john vs wang wu=0.08), 王Emma(拼音=wangemma vs wang wu=0.50), David(拼音=david vs wang wu=0.17)]"
speechTranscriber,zh-Hans-three-made-number,三 号 三分命 中,111,116,stat.threeMade,true,true,,,三 号 三分命 中 || 中 || 重,success | 3号三分命中 | action=3分命中 | player=王五 | 原文: 3号三分命中 | 拼音: 3hao san fen ming zhong | 🔍 拼音回退: 关键词pinyin=san fen | 左侧拼音: 3hao | 右侧拼音: ming zhong | 拼音回退球员: 号码3直配
speechTranscriber,zh-Hans-three-missed,效 力 三分 没 中,112,112,stat.threeMissed,true,true,,,效 力 三分 没 中 || 中 || 种,"success | 效力三分没中 | action=3分不中 | player=赵丽 | 原文: 效力三分没中 | 拼音: xiao li san fen mei zhong | 🔍 拼音回退: 关键词pinyin=san fen | 左侧拼音: xiao li | 右侧拼音: mei zhong | 拼音回退球员: 拼音回退球员[张三(拼音=zhang san vs xiao li=0.12), 李四(拼音=li si vs xiao li=0.17), 王五(拼音=wang wu vs xiao li=0.10), 赵丽(拼音相似0.67), 刘芳(拼音=liu fang vs xiao li=0.17), 陈杰(拼音=chen jie vs xiao li=0.20), Emma(拼音=emma vs xiao li=0.12), Michael(拼音=michael vs xiao li=0.21), Alice(拼音=alice vs xiao li=0.13), John(拼音=john vs xiao li=0.18), 王Emma(拼音=wangemma vs xiao li=0.04), David(拼音=david vs xiao li=0.17)]"
speechTranscriber,zh-Hans-three-missed-number,4 号三分 没 种,112,112,stat.threeMissed,true,true,,,4 号三分 没 种 || 种 || 中,success | 4 号三分没种 | action=3分不中 | player=赵丽 | 原文: 4 号三分没种 | 拼音: 4 hao san fen mei zhong | 🔍 拼音回退: 关键词pinyin=san fen | 左侧拼音: 4 hao | 右侧拼音: mei zhong | 拼音回退球员: 号码4直配
speechTranscriber,zh-Hans-bonus-made,刘芳 家 罚 命中,114,114,stat.bonusMade,true,true,,,刘芳 家 罚 命中 || 命中,"success | 刘芳加罚命中 | action=加罚命中 | player=刘芳 | 原文: 刘芳加罚命中 | 拼音: liu fang jia fa ming zhong | 🔍 拼音回退: 关键词pinyin=jia fa | 左侧拼音: liu fang | 右侧拼音: ming zhong | 拼音回退球员: 拼音回退球员[张三(拼音=zhang san vs liu fang=0.03), 李四(拼音=li si vs liu fang=0.29), 王五(拼音=wang wu vs liu fang=0.04), 赵丽(拼音=zhao li vs liu fang=0.16), 刘芳(变体匹配0.95), 陈杰(拼音=chen jie vs liu fang=0.03), Emma(拼音=emma vs liu fang=0.21), Michael(拼音=michael vs liu fang=0.33), Alice(拼音=alice vs liu fang=0.10), John(拼音=john vs liu fang=0.14), 王Emma(拼音=wangemma vs liu fang=0.12), David(拼音=david vs liu fang=0.14)]"
speechTranscriber,zh-Hans-bonus-made-number,5号加 罚 命 中,113,113,stat.bonusMade,true,true,,,5号加 罚 命 中 || 中 || 重,success | 5号加罚命中 | action=加罚命中 | player=刘芳 | 原文: 5号加罚命中 | 拼音: 5hao jia fa ming zhong | 🔍 拼音回退: 关键词pinyin=jia fa | 左侧拼音: 5hao | 右侧拼音: ming zhong | 拼音回退球员: 号码5直配
speechTranscriber,zh-Hans-bonus-missed,陈杰 加 伐 默 中,117,117,stat.bonusMissed,true,true,,,陈杰 加 伐 默 中 || 中,"success | 陈杰加罚没中 | action=加罚不中 | player=陈杰 | 原文: 陈杰加罚没中 | 拼音: chen jie jia fa mei zhong | 🔍 拼音回退: 关键词pinyin=jia fa | 左侧拼音: chen jie | 右侧拼音: mei zhong | 拼音回退球员: 拼音回退球员[张三(拼音=zhang san vs chen jie=0.44), 李四(拼音=li si vs chen jie=0.16), 王五(拼音=wang wu vs chen jie=0.23), 赵丽(拼音=zhao li vs chen jie=0.44), 刘芳(拼音=liu fang vs chen jie=0.03), 陈杰(变体匹配0.95), Emma(拼音=emma vs chen jie=0.23), Michael(拼音=michael vs chen jie=0.07), Alice(拼音=alice vs chen jie=0.29), John(拼音=john vs chen jie=0.14), 王Emma(拼音=wangemma vs chen jie=0.00), David(拼音=david vs chen jie=0.14)]"
speechTranscriber,zh-Hans-bonus-missed-number,6号加 伐 末 中,113,114,stat.bonusMissed,true,true,,,6号加 伐 末 中 || 中,success | 6号加罚末中 | action=加罚不中 | player=陈杰 | 原文: 6号加罚末中 | 拼音: 6hao jia fa mo zhong | 🔍 拼音回退: 关键词pinyin=jia fa | 左侧拼音: 6hao | 右侧拼音: mo zhong | 拼音回退球员: 号码6直配
speechTranscriber,zh-Hans-free-throw-made,罚 球命中,107,112,,false,true,,,罚 球命中 || 球命中,failure | 罚球命中 | action=stat.freeThrowMade | 原文: 罚球命中 | 拼音: fa qiu ming zhong | 🔍 拼音回退: 关键词pinyin=fa qiu | 左侧拼音: 空 | 右侧拼音: ming zhong | ❌ 拼音回退: 未匹配到球员 | 左侧拼音: 空
speechTranscriber,zh-Hans-free-throw-made-number,7 号 罚 球 命中,113,113,stat.freeThrowMade,true,true,,,7 号 罚 球 命中 || 命中,success | 7 号罚球命中 | action=罚篮命中 | player=Emma | 原文: 7 号罚球命中 | 拼音: 7 hao fa qiu ming zhong | 🔍 拼音回退: 关键词pinyin=fa qiu | 左侧拼音: 7 hao | 右侧拼音: ming zhong | 拼音回退球员: 号码7直配
speechTranscriber,zh-Hans-free-throw-missed,Michael 罚球没 中,128,128,stat.freeThrowMissed,true,true,,,Michael 罚球没 中 || 中 || 种,"success | Michael 罚球没中 | action=罚篮不中 | player=Michael | 原文: Michael 罚球没中 | 拼音: michael fa qiu mei zhong | 🔍 拼音回退: 关键词pinyin=fa qiu | 左侧拼音: michael | 右侧拼音: mei zhong | 拼音回退球员: 拼音回退球员[张三(拼音=zhang san vs michael=0.00), 李四(拼音=li si vs michael=0.21), 王五(拼音=wang wu vs michael=0.07), 赵丽(拼音=zhao li vs michael=0.07), 刘芳(拼音=liu fang vs michael=0.33), 陈杰(拼音=chen jie vs michael=0.07), Emma(拼音=emma vs michael=0.21), Michael(直配1.0), Alice(拼音=alice vs michael=0.19), John(拼音=john vs michael=0.16), 王Emma(拼音=wangemma vs michael=0.09), David(拼音=david vs michael=0.13)]"
speechTranscriber,zh-Hans-free-throw-missed-number,8 号罚球没 中,112,112,stat.freeThrowMissed,true,true,,,8 号罚球没 中 || 中 || 种,success | 8 号罚球没中 | action=罚篮不中 | player=Michael | 原文: 8 号罚球没中 | 拼音: 8 hao fa qiu mei zhong | 🔍 拼音回退: 关键词pinyin=fa qiu | 左侧拼音: 8 hao | 右侧拼音: mei zhong | 拼音回退球员: 号码8直配
speechTranscriber,zh-Hans-layup-made,Alas上 篮命中,115,116,stat.layupMade,true,true,,,Alas上 篮命中 || 篮命中,"success | Alas上篮命中 | action=上篮命中 | player=Alice | 原文: Alas上篮命中 | 拼音: alas shang lan ming zhong | 🔍 拼音回退: 关键词pinyin=shang lan | 左侧拼音: alas | 右侧拼音: ming zhong | 拼音回退球员: 拼音回退球员[张三(拼音=zhang san vs alas=0.12), 李四(拼音=li si vs alas=0.00), 王五(拼音=wang wu vs alas=0.00), 赵丽(拼音=zhao li vs alas=0.17), 刘芳(拼音=liu fang vs alas=0.03), 陈杰(拼音=chen jie vs alas=0.06), Emma(拼音=emma vs alas=0.10), Michael(拼音=michael vs alas=0.00), Alice(编辑距离3=0.70), John(拼音=john vs alas=0.00), 王Emma(拼音=wangemma vs alas=0.00), David(拼音=david vs alas=0.00)]"
speechTranscriber,zh-Hans-layup-made-number,9号上 篮 命中,112,112,stat.layupMade,true,true,,,9号上 篮 命中 || 命中,success | 9号上篮命中 | action=上篮命中 | player=Alice | 原文: 9号上篮命中 | 拼音: 9hao shang lan ming zhong | 🔍 拼音回退: 关键词pinyin=shang lan | 左侧拼音: 9hao | 右侧拼音: ming zhong | 拼音回退球员: 号码9直配
speechTranscriber,zh-Hans-layup-missed,John上 篮 没 中,116,116,stat.layupMissed,true,true,,,John上 篮 没 中 || 中 || 种,"success | John上篮没中 | action=上篮未中 | player=John | 原文: John上篮没中 | 拼音: john shang lan mei zhong | 🔍 拼音回退: 关键词pinyin=shang lan | 左侧拼音: john | 右侧拼音: mei zhong | 拼音回退球员: 拼音回退球员[张三(拼音=zhang san vs john=0.12), 李四(拼音=li si vs john=0.00), 王五(拼音=wang wu vs john=0.08), 赵丽(拼音=zhao li vs john=0.00), 刘芳(拼音=liu fang vs john=0.00), 陈杰(拼音=chen jie vs john=0.14), Emma(拼音=emma vs john=0.00), Michael(拼音=michael vs john=0.00), Alice(拼音=alice vs john=0.00), John(直配1.0), 王Emma(拼音=wangemma vs john=0.06), David(拼音=david vs john=0.10)]"
speechTranscriber,zh-Hans-layup-missed-number,10 号上蓝 莓 种,108,113,stat.layupMissed,true,true,,,10 号上蓝 莓 种 || 种 || 中 || 重,success | 10 号上篮莓种 | action=上篮未中 | player=John | 原文: 10 号上篮莓种 | 拼音: 10 hao shang lan mei zhong | 🔍 拼音回退: 关键词pinyin=shang lan | 左侧拼音: 10 hao | 右侧拼音: mei zhong | 拼音回退球员: 号码10直配
speechTranscriber,zh-Hans-mid-range-made,Ama中 投命中,122,122,stat.midRangeMade,false,true,,,Ama中 投命中 || 投命中,"success | Ama中投命中 | action=中投命中 | player=Emma | 原文: Ama中投命中 | 拼音: ama zhong tou ming zhong | 🔍 拼音回退: 关键词pinyin=zhong tou | 左侧拼音: ama | 右侧拼音: ming zhong | 拼音回退球员: 拼音回退球员[张三(拼音=zhang san vs ama=0.12), 李四(拼音=li si vs ama=0.00), 王五(拼音=wang wu vs ama=0.00), 赵丽(拼音=zhao li vs ama=0.17), 刘芳(拼音=liu fang vs ama=0.03), 陈杰(拼音=chen jie vs ama=0.06), Emma(编辑距离2=0.75), Michael(拼音=michael vs ama=0.00), Alice(拼音=alice vs ama=0.26), John(拼音=john vs ama=0.00), 王Emma(编辑距离3=0.70), David(拼音=david vs ama=0.00)]"
speechTranscriber,zh-Hans-mid-range-made-number,十一 号 中 投 命中,110,110,stat.midRangeMade,true,true,,,十一 号 中 投 命中 || 命中,success | 11号中投命中 | action=中投命中 | player=王Emma | 原文: 11号中投命中 | 拼音: 11hao zhong tou ming zhong | 🔍 拼音回退: 关键词pinyin=zhong tou | 左侧拼音: 11hao | 右侧拼音: ming zhong | 拼音回退球员: 号码11直配
speechTranscriber,zh-Hans-mid-range-missed,Neven 中 投 没中,114,114,stat.midRangeMissed,false,true,,,Neven 中 投 没中 || 没中,"success | Neven 中投没中 | action=中投未中 | player=王Emma | 原文: Neven 中投没中 | 拼音: neven zhong tou mei zhong | 🔍 拼音回退: 关键词pinyin=zhong tou | 左侧拼音: neven | 右侧拼音: mei zhong | 拼音回退球员: 拼音回退球员[张三(拼音=zhang san vs neven=0.00), 李四(拼音=li si vs neven=0.32), 王五(拼音=wang wu vs neven=0.07), 赵丽(拼音=zhao li vs neven=0.20), 刘芳(拼音=liu fang vs neven=0.16), 陈杰(拼音=chen jie vs neven=0.00), Emma(拼音=emma vs neven=0.20), Michael(拼音=michael vs neven=0.11), Alice(拼音=alice vs neven=0.00), John(拼音=john vs neven=0.20), 王Emma(编辑距离4=0.65), David(拼音=david vs neven=0.58)]"
speechTranscriber,zh-Hans-mid-range-missed-number,12 号 钟 头没 中,395,395,stat.midRangeMissed,true,true,,,12 号 钟 头没 中 || 中 || 种,success | 12 号钟头没中 | action=中投未中 | player=David | 原文: 12 号钟头没中 | 拼音: 12 hao zhong tou mei zhong | 🔍 拼音回退: 关键词pinyin=zhong tou | 左侧拼音: 12 hao | 右侧拼音: mei zhong | 拼音回退球员: 号码12直配
speechTranscriber,zh-Hans-paint-made,张三 兰 下命中,113,113,stat.paintMade,true,true,,,张三 兰 下命中 || 下命中,"success | 张三篮下命中 | action=篮下命中 | player=张三 | 原文: 张三篮下命中 | 拼音: zhang san lan xia ming zhong | 🔍 拼音回退: 关键词pinyin=lan xia | 左侧拼音: zhang san | 右侧拼音: ming zhong | 拼音回退球员: 拼音回退球员[张三(变体匹配0.95), 李四(拼音=li si vs zhang san=0.24), 王五(拼音=wang wu vs zhang san=0.40), 赵丽(拼音=zhao li vs zhang san=0.38), 刘芳(拼音=liu fang vs zhang san=0.04), 陈杰(拼音=chen jie vs zhang san=0.44), Emma(拼音=emma vs zhang san=0.12), Michael(拼音=michael vs zhang san=0.16), Alice(拼音=alice vs zhang san=0.31), John(拼音=john vs zhang san=0.12), 王Emma(拼音=wangemma vs zhang san=0.00), David(拼音=david vs zhang san=0.16)]"
speechTranscriber,zh-Hans-paint-made-number,一 号 篮 下命中,612,629,stat.paintMade,true,true,,,一 号 篮 下命中 || 下命中,success | 1号篮下命中 | action=篮下命中 | player=张三 | 原文: 1号篮下命中 | 拼音: 1hao lan xia ming zhong | 🔍 拼音回退: 关键词pinyin=lan xia | 左侧拼音: 1hao | 右侧拼音: ming zhong | 拼音回退球员: 号码1直配
speechTranscriber,zh-Hans-paint-missed,李四 兰 下没 种,117,117,stat.paintMissed,true,true,,,李四 兰 下没 种 || 种 || 中,"success | 李四篮下没种 | action=篮下未中 | player=李四 | 原文: 李四篮下没种 | 拼音: li si lan xia mei zhong | 🔍 拼音回退: 关键词pinyin=lan xia | 左侧拼音: li si | 右侧拼音: mei zhong | 拼音回退球员: 拼音回退球员[张三(拼音=zhang san vs li si=0.00), 李四(变体匹配0.95), 王五(拼音=wang wu vs li si=0.05), 赵丽(拼音=zhao li vs li si=0.00), 刘芳(拼音=liu fang vs li si=0.29), 陈杰(拼音=chen jie vs li si=0.00), Emma(拼音=emma vs li si=0.07), Michael(拼音=michael vs li si=0.21), Alice(拼音=alice vs li si=0.00), John(拼音=john vs li si=0.00), 王Emma(拼音=wangemma vs li si=0.04), David(拼音=david vs li si=0.34)]"
speechTranscriber,zh-Hans-paint-missed-number,2 号 篮 下没 中,143,143,stat.paintMissed,true,true,,,2 号 篮 下没 中 || 中 || 种,success | 2 号篮下没中 | action=篮下未中 | player=李四 | 原文: 2 号篮下没中 | 拼音: 2 hao lan xia mei zhong | 🔍 拼音回退: 关键词pinyin=lan xia | 左侧拼音: 2 hao | 右侧拼音: mei zhong | 拼音回退球员: 号码2直配
speechTranscriber,zh-Hans-putback-made,王 武 补 蓝 命中,116,116,stat.putbackMade,true,true,,,王 武 补 蓝 命中 || 命中,"success | 王武补蓝命中 | action=补篮命中 | player=王五 | 原文: 王武补蓝命中 | 拼音: wang wu bu lan ming zhong | 🔍 拼音回退: 关键词pinyin=bu lan | 左侧拼音: wang wu | 右侧拼音: ming zhong | 拼音回退球员: 拼音回退球员[张三(拼音=zhang san vs wang wu=0.00), 李四(拼音=li si vs wang wu=0.15), 王五(变体匹配0.95), 赵丽(拼音=zhao li vs wang wu=0.05), 刘芳(拼音=liu fang vs wang wu=0.04), 陈杰(拼音=chen jie vs wang wu=0.04), Emma(拼音=emma vs wang wu=0.12), Michael(拼音=michael vs wang wu=0.07), Alice(拼音=alice vs wang wu=0.30), John(拼音=john vs wang wu=0.08), 王Emma(拼音=wangemma vs wang wu=0.50), David(拼音=david vs wang wu=0.17)]"
speechTranscriber,zh-Hans-putback-made-number,3 号 补 蓝 命中,114,114,stat.putbackMade,true,true,,,3 号 补 蓝 命中 || 命中,success | 3 号补蓝命中 | action=补篮命中 | player=王五 | 原文: 3 号补蓝命中 | 拼音: 3 hao bu lan ming zhong | 🔍 拼音回退: 关键词pinyin=bu lan | 左侧拼音: 3 hao | 右侧拼音: ming zhong | 拼音回退球员: 号码3直配
speechTranscriber,zh-Hans-putback-missed,赵 丽补蓝 没 种,115,115,stat.putbackMissed,true,true,,,赵 丽补蓝 没 种 || 种,"success | 赵丽补蓝没种 | action=补篮未中 | player=赵丽 | 原文: 赵丽补蓝没种 | 拼音: zhao li bu lan mei zhong | 🔍 拼音回退: 关键词pinyin=bu lan | 左侧拼音: zhao li | 右侧拼音: mei zhong | 拼音回退球员: 拼音回退球员[张三(拼音=zhang san vs zhao li=0.38), 李四(拼音=li si vs zhao li=0.17), 王五(拼音=wang wu vs zhao li=0.05), 赵丽(变体匹配0.95), 刘芳(拼音=liu fang vs zhao li=0.03), 陈杰(拼音=chen jie vs zhao li=0.44), Emma(拼音=emma vs zhao li=0.12), Michael(拼音=michael vs zhao li=0.07), Alice(拼音=alice vs zhao li=0.08), John(拼音=john vs zhao li=0.18), 王Emma(拼音=wangemma vs zhao li=0.00), David(拼音=david vs zhao li=0.17)]"
speechTranscriber,zh-Hans-putback-missed-number,4号补蓝 莓 种,111,111,stat.putbackMissed,true,true,,,4号补蓝 莓 种 || 种,success | 4号补蓝莓种 | action=补篮未中 | player=赵丽 | 原文: 4号补蓝莓种 | 拼音: 4hao bu lan mei zhong | 🔍 拼音回退: 关键词pinyin=bu lan | 左侧拼音: 4hao | 右侧拼音: mei zhong | 拼音回退球员: 号码4直配
speechTranscriber,zh-Hans-dunk-made,刘 芳 寇 难 命中,111,111,,false,true,,,刘 芳 寇 难 命中 || 命中,failure | 刘芳寇难命中 | 原文: 刘芳寇难命中 | 拼音: liu fang kou nan ming zhong | ❌ 全文无匹配: 刘芳寇难命中 | 拼音: liu fang kou nan ming zhong
speechTranscriber,zh-Hans-dunk-made-number,5 号扣 蓝 命中,112,112,stat.dunkMade,true,true,,,5 号扣 蓝 命中 || 命中,success | 5 号扣蓝命中 | action=扣篮命中 | player=刘芳 | 原文: 5 号扣蓝命中 | 拼音: 5 hao kou lan ming zhong | 🔍 拼音回退: 关键词pinyin=kou lan | 左侧拼音: 5 hao | 右侧拼音: ming zhong | 拼音回退球员: 号码5直配
speechTranscriber,zh-Hans-dunk-missed,陈 杰 扣 篮 没 中,108,108,stat.dunkMissed,true,true,,,陈 杰 扣 篮 没 中 || 中 || 种,"success | 陈杰扣篮没中 | action=扣篮未中 | player=陈杰 | 原文: 陈杰扣篮没中 | 拼音: chen jie kou lan mei zhong | 🔍 拼音回退: 关键词pinyin=kou lan | 左侧拼音: chen jie | 右侧拼音: mei zhong | 拼音回退球员: 拼音回退球员[张三(拼音=zhang san vs chen jie=0.44), 李四(拼音=li si vs chen jie=0.16), 王五(拼音=wang wu vs chen jie=0.23), 赵丽(拼音=zhao li vs chen jie=0.44), 刘芳(拼音=liu fang vs chen jie=0.03), 陈杰(变体匹配0.95), Emma(拼音=emma vs chen jie=0.23), Michael(拼音=michael vs chen jie=0.07), Alice(拼音=alice vs chen jie=0.29), John(拼音=john vs chen jie=0.14), 王Emma(拼音=wangemma vs chen jie=0.00), David(拼音=david vs chen jie=0.14)]"
speechTranscriber,zh-Hans-dunk-missed-number,6 号扣 蓝 莓 种,110,114,stat.dunkMissed,true,true,,,6 号扣 蓝 莓 种 || 种 || 中,success | 6 号扣蓝莓种 | action=扣篮未中 | player=陈杰 | 原文: 6 号扣蓝莓种 | 拼音: 6 hao kou lan mei zhong | 🔍 拼音回退: 关键词pinyin=kou lan | 左侧拼音: 6 hao | 右侧拼音: mei zhong | 拼音回退球员: 号码6直配
speechTranscriber,zh-Hans-foul,犯规,114,114,stat.foul,true,true,,,犯规 || 规 || M犯规 || 没犯规 || m犯规,"success | 没犯规 | action=犯规 | player=Emma | 原文: 没犯规 | 拼音: mei fan gui | 🔍 统计拼音回退: 关键词pinyin=fan gui | 左侧拼音: mei | 右侧拼音: 空 | 统计拼音回退球员: 统计拼音回退球员[张三(拼音=zhang san vs mei=0.04), 李四(拼音=li si vs mei=0.12), 王五(拼音=wang wu vs mei=0.07), 赵丽(拼音=zhao li vs mei=0.05), 刘芳(拼音=liu fang vs mei=0.11), 陈杰(拼音=chen jie vs mei=0.07), Emma(编辑距离3=0.70), Michael(拼音=michael vs mei=0.21), Alice(拼音=alice vs mei=0.20), John(拼音=john vs mei=0.15), 王Emma(编辑距离4=0.65), David(拼音=david vs mei=0.08)]"
speechTranscriber,zh-Hans-foul-number,7 号 犯规,104,104,stat.foul,true,true,,,7 号 犯规 || 犯规 || 犯归 || 犯,success | 7 号犯规 | action=犯规 | player=Emma | 原文: 7 号犯规 | 拼音: 7 hao fan gui | 🔍 统计拼音回退: 关键词pinyin=fan gui | 左侧拼音: 7 hao | 右侧拼音: 空 | 统计拼音回退球员: 号码7直配
speechTranscriber,zh-Hans-rebound,Michael 篮 板,106,106,stat.rebound,true,true,,,Michael 篮 板 || 板,"success | Michael 篮板 | action=篮板 | player=Michael | 原文: Michael 篮板 | 拼音: michael lan ban | 🔍 统计拼音回退: 关键词pinyin=lan ban | 左侧拼音: michael | 右侧拼音: 空 | 统计拼音回退球员: 统计拼音回退球员[张三(拼音=zhang san vs michael=0.00), 李四(拼音=li si vs michael=0.21), 王五(拼音=wang wu vs michael=0.07), 赵丽(拼音=zhao li vs michael=0.07), 刘芳(拼音=liu fang vs michael=0.33), 陈杰(拼音=chen jie vs michael=0.07), Emma(拼音=emma vs michael=0.21), Michael(直配1.0), Alice(拼音=alice vs michael=0.19), John(拼音=john vs michael=0.16), 王Emma(拼音=wangemma vs michael=0.09), David(拼音=david vs michael=0.13)]"
speechTranscriber,zh-Hans-rebound-number,8 号篮板,106,106,stat.rebound,true,true,,,8 号篮板 || 号篮板 || 号蓝板 || 篮板 || 号板,success | 8 号篮板 | action=篮板 | player=Michael | 原文: 8 号篮板 | 拼音: 8 hao lan ban | 🔍 统计拼音回退: 关键词pinyin=lan ban | 左侧拼音: 8 hao | 右侧拼音: 空 | 统计拼音回退球员: 号码8直配
speechTranscriber,zh-Hans-offensive-rebound,前 场篮板,112,112,,false,true,,,前 场篮板 || 场篮板,failure | 前场篮板 | action=stat.offensiveRebound | 原文: 前场篮板 | 拼音: qian chang lan ban | 🔍 统计拼音回退: 关键词pinyin=qian chang lan ban | 左侧拼音: 空 | 右侧拼音: 空 | ❌ 统计拼音回退: 未匹配到球员 | 左侧拼音: 空
speechTranscriber,zh-Hans-offensive-rebound-number,9 号 前 场 篮 板,131,132,stat.offensiveRebound,true,true,,,9 号 前 场 篮 板 || 板,success | 9 号前场篮板 | action=前场板 | player=Alice | 原文: 9 号前场篮板 | 拼音: 9 hao qian chang lan ban | 🔍 统计拼音回退: 关键词pinyin=qian chang lan ban | 左侧拼音: 9 hao | 右侧拼音: 空 | 统计拼音回退球员: 号码9直配
speechTranscriber,zh-Hans-defensive-rebound,John后 场篮 板,123,123,stat.defensiveRebound,true,true,,,John后 场篮 板 || 板,"success | John后场篮板 | action=后场板 | player=John | 原文: John后场篮板 | 拼音: john hou chang lan ban | 🔍 统计拼音回退: 关键词pinyin=hou chang lan ban | 左侧拼音: john | 右侧拼音: 空 | 统计拼音回退球员: 统计拼音回退球员[张三(拼音=zhang san vs john=0.12), 李四(拼音=li si vs john=0.00), 王五(拼音=wang wu vs john=0.08), 赵丽(拼音=zhao li vs john=0.00), 刘芳(拼音=liu fang vs john=0.00), 陈杰(拼音=chen jie vs john=0.14), Emma(拼音=emma vs john=0.00), Michael(拼音=michael vs john=0.00), Alice(拼音=alice vs john=0.00), John(直配1.0), 王Emma(拼音=wangemma vs john=0.06), David(拼音=david vs john=0.10)]"
speechTranscriber,zh-Hans-defensive-rebound-number,10号后 场 篮 板,117,118,stat.defensiveRebound,true,true,,,10号后 场 篮 板 || 板,success | 10号后场篮板 | action=后场板 | player=John | 原文: 10号后场篮板 | 拼音: 10hao hou chang lan ban | 🔍 统计拼音回退: 关键词pinyin=hou chang lan ban | 左侧拼音: 10hao | 右侧拼音: 空 | 统计拼音回退球员: 号码10直配
speechTranscriber,zh-Hans-assist,Ama助 攻,121,121,stat.assist,false,true,,,Ama助 攻 || 攻,"success | Ama助攻 | action=助攻 | player=Emma | 原文: Ama助攻 | 拼音: ama zhu gong | 🔍 统计拼音回退: 关键词pinyin=zhu gong | 左侧拼音: ama | 右侧拼音: 空 | 统计拼音回退球员: 统计拼音回退球员[张三(拼音=zhang san vs ama=0.12), 李四(拼音=li si vs ama=0.00), 王五(拼音=wang wu vs ama=0.00), 赵丽(拼音=zhao li vs ama=0.17), 刘芳(拼音=liu fang vs ama=0.03), 陈杰(拼音=chen jie vs ama=0.06), Emma(编辑距离2=0.75), Michael(拼音=michael vs ama=0.00), Alice(拼音=alice vs ama=0.26), John(拼音=john vs ama=0.00), 王Emma(编辑距离3=0.70), David(拼音=david vs ama=0.00)]"
speechTranscriber,zh-Hans-assist-number,十一 号助 攻,108,109,stat.assist,true,true,,,十一 号助 攻 || 攻 || 宫,success | 11号助攻 | action=助攻 | player=王Emma | 原文: 11号助攻 | 拼音: 11hao zhu gong | 🔍 统计拼音回退: 关键词pinyin=zhu gong | 左侧拼音: 11hao | 右侧拼音: 空 | 统计拼音回退球员: 号码11直配
speechTranscriber,zh-Hans-block,盖帽,106,106,stat.block,true,true,,,盖帽 || 盖茂 || 盖 || 帽 || v盖帽,"success | v盖帽 | action=封盖 | player=David | 原文: v盖帽 | 拼音: v gai mao | 🔍 统计拼音回退: 关键词pinyin=gai mao | 左侧拼音: v | 右侧拼音: 空 | 统计拼音回退球员: 统计拼音回退球员[张三(拼音=zhang san vs v=0.00), 李四(拼音=li si vs v=0.00), 王五(拼音=wang wu vs v=0.00), 赵丽(拼音=zhao li vs v=0.00), 刘芳(拼音=liu fang vs v=0.00), 陈杰(拼音=chen jie vs v=0.00), Emma(拼音=emma vs v=0.00), Michael(拼音=michael vs v=0.00), Alice(拼音=alice vs v=0.00), John(拼音=john vs v=0.00), 王Emma(拼音=wangemma vs v=0.00), David(直配1.0)]"
speechTranscriber,zh-Hans-block-number,12 号盖 帽,110,110,stat.block,true,true,,,12 号盖 帽 || 帽 || 茂,success | 12 号盖帽 | action=封盖 | player=David | 原文: 12 号盖帽 | 拼音: 12 hao gai mao | 🔍 统计拼音回退: 关键词pinyin=gai mao | 左侧拼音: 12 hao | 右侧拼音: 空 | 统计拼音回退球员: 号码12直配
speechTranscriber,zh-Hans-steal,张 三 抢 断,111,111,stat.steal,true,true,,,张 三 抢 断 || 断 || 段,"success | 张三抢断 | action=抢断 | player=张三 | 原文: 张三抢断 | 拼音: zhang san qiang duan | 🔍 统计拼音回退: 关键词pinyin=qiang duan | 左侧拼音: zhang san | 右侧拼音: 空 | 统计拼音回退球员: 统计拼音回退球员[张三(变体匹配0.95), 李四(拼音=li si vs zhang san=0.24), 王五(拼音=wang wu vs zhang san=0.40), 赵丽(拼音=zhao li vs zhang san=0.38), 刘芳(拼音=liu fang vs zhang san=0.04), 陈杰(拼音=chen jie vs zhang san=0.44), Emma(拼音=emma vs zhang san=0.12), Michael(拼音=michael vs zhang san=0.16), Alice(拼音=alice vs zhang san=0.31), John(拼音=john vs zhang san=0.12), 王Emma(拼音=wangemma vs zhang san=0.00), David(拼音=david vs zhang san=0.16)]"
speechTranscriber,zh-Hans-steal-number,一 号 抢 断,113,114,stat.steal,true,true,,,一 号 抢 断 || 断 || 段,success | 1号抢断 | action=抢断 | player=张三 | 原文: 1号抢断 | 拼音: 1hao qiang duan | 🔍 统计拼音回退: 关键词pinyin=qiang duan | 左侧拼音: 1hao | 右侧拼音: 空 | 统计拼音回退球员: 号码1直配
speechTranscriber,zh-Hans-turnover,李 四 5,109,109,,false,true,,,李 四 5 || 5 || 五 || 师5 || 十5,failure | 李四 5 | 原文: 李四 5 | 拼音: li si 5 | ❌ 全文无匹配: 李四 5 | 拼音: li si 5
speechTranscriber,zh-Hans-turnover-number,2号 是 五,106,107,stat.turnover,true,true,,,2号 是 五 || 五 || 午 || 5,success | 2号是五 | action=失误 | player=李四 | 原文: 2号是五 | 拼音: 2hao shi wu | 🔍 统计拼音回退: 关键词pinyin=shi wu | 左侧拼音: 2hao | 右侧拼音: 空 | 统计拼音回退球员: 号码2直配
speechTranscriber,zh-Hans-assist-two,王 武 助 攻 赵 立 两分,130,130,stat.assistTwoMade,true,true,,,王 武 助 攻 赵 立 两分 || 两分,success | 王武助攻赵立两分 | action=助攻 + 2分命中 | player=王五 → 赵丽 | 原文: 王武助攻赵立两分 | 拼音: wang wu zhu gong zhao li liang fen | 🔍 统计拼音回退: 关键词pinyin=zhu gong | 左侧拼音: wang wu | 右侧拼音: zhao li liang fen | 拼音回退双事件: 王五助攻赵丽2分命中
speechTranscriber,zh-Hans-assist-two-number,3号助 攻 4 号 2 分,127,127,stat.assist,true,false,,,3号助 攻 4 号 2 分 || 分,success | 3号助攻 4 号 2 分 | action=助攻 | player=王五 | 原文: 3号助攻 4 号 2 分 | 拼音: 3hao zhu gong 4 hao 2 fen | 🔍 统计拼音回退: 关键词pinyin=zhu gong | 左侧拼音: 3hao | 右侧拼音: 4 hao 2 fen | 统计拼音回退球员: 号码3直配
speechTranscriber,zh-Hans-assist-three,刘芳助 工 程 节 三分,126,126,stat.assistThreeMade,true,true,,,刘芳助 工 程 节 三分 || 三分,success | 刘芳助工程节三分 | action=助攻 + 3分命中 | player=刘芳 → 陈杰 | 原文: 刘芳助工程节三分 | 拼音: liu fang zhu gong cheng jie san fen | 🔍 统计拼音回退: 关键词pinyin=zhu gong | 左侧拼音: liu fang | 右侧拼音: cheng jie san fen | 拼音回退双事件: 刘芳助攻陈杰3分命中
speechTranscriber,zh-Hans-assist-three-number,5号助攻 6号 三 分。,126,126,stat.assistThreeMade,true,true,,,5号助攻 6号 三 分。 || 分。 || 分,success | 5号助攻 6号三分 | action=助攻 + 3分命中 | player=刘芳 → 陈杰 | 原文: 5号助攻 6号三分 | 拼音: 5hao zhu gong 6hao san fen | 🔍 统计拼音回退: 关键词pinyin=zhu gong | 左侧拼音: 5hao | 右侧拼音: 6hao san fen | 拼音回退双事件: 刘芳助攻陈杰3分命中
speechTranscriber,zh-Hans-steal-turnover,枪断 Michael,121,121,,false,false,,,枪断 Michael ||  Michael ||  Michae ||  Michal,failure | 枪断 Michael | action=stat.steal | 原文: 枪断 Michael | 拼音: qiang duan michael | 🔍 统计拼音回退: 关键词pinyin=qiang duan | 左侧拼音: 空 | 右侧拼音: michael | ❌ 统计拼音回退: 未匹配到球员 | 左侧拼音: 空
speechTranscriber,zh-Hans-steal-turnover-number,7 号抢 断 8 号,206,206,stat.stealTurnover,true,true,,,7 号抢 断 8 号 || 号,success | 7 号抢断 8 号 | action=抢断 + 失误 | player=Emma → Michael | 原文: 7 号抢断 8 号 | 拼音: 7 hao qiang duan 8 hao | 🔍 统计拼音回退: 关键词pinyin=qiang duan | 左侧拼音: 7 hao | 右侧拼音: 8 hao | 统计拼音回退双事件: Emma抢断Michael
speechTranscriber,zh-Hans-start,开始,107,107,event.period,true,true,,,开始 || 开 || 始 || 我开始 || 开是,
speechTranscriber,zh-Hans-start-number,开 始比赛,108,108,event.period,true,true,,,开 始比赛 || 始比赛 || 始比赛。 || 比赛 || 始赛,
speechTranscriber,zh-Hans-pause,暂停,97,97,event.pause,true,true,,,暂停 || 暂停。 || 停 || 暂 || 暂时,
speechTranscriber,zh-Hans-pause-number,暂停 一下,106,107,event.pause,true,true,,,暂停 一下 || 一下 || 下 || 一 || 依下 || 一响,
speechTranscriber,zh-Hans-game-end,结束,93,93,event.game_end,true,true,,,结束 || 束 || 结 || 结结束,success | 结束 | action=比赛结束 | 原文: 结束 | 拼音: jie shu | SpeechTranscriber拼音命令
speechTranscriber,zh-Hans-game-end-number,比赛 结束,115,115,event.game_end,true,true,,,比赛 结束 || 结束 || 结 || 束,success | 比赛结束 | action=比赛结束 | 原文: 比赛结束 | 拼音: bi sai jie shu | SpeechTranscriber拼音命令
speechTranscriber,zh-Hans-undo,撤销,107,107,event.undo,true,true,,,撤销 || 撤消 || 撤销。 || 撤 || 销,
speechTranscriber,zh-Hans-undo-number,撤销 上 一 条,118,118,event.undo,true,true,,,撤销 上 一 条 || 条 || 调,
speechTranscriber,zh-Hans-redo,重 做,101,101,event.redo,true,true,,,重 做 || 做 || 作 || 坐 || 左 || 组,
speechTranscriber,zh-Hans-redo-number,冲 座 上 一 条,126,126,,true,true,,,冲 座 上 一 条 || 条,failure | 冲座上一条 | 原文: 冲座上一条 | 拼音: chong zuo shang yi tiao | ❌ 全文无匹配: 冲座上一条 | 拼音: chong zuo shang yi tiao
speechTranscriber,zh-Hans-substitution,张三 换 人 李四,129,130,event.substitution,true,true,,,张三 换 人 李四 || 李四,success | 张三换人李四 | action=换人 | player=张三→李四 | 原文: 张三换人李四 | 拼音: zhang san huan ren li si
speechTranscriber,zh-Hans-substitution-number,1号 换人 2 号,124,124,event.substitution,true,true,,,1号 换人 2 号 || 号,success | 1号换人 2 号 | action=换人 | player=张三→李四 | 原文: 1号换人 2 号 | 拼音: 1hao huan ren 2 hao
speechTranscriber,zh-Hant-TW-two-made,張 三 兩分命 中,131,131,stat.twoMade,true,true,,,張 三 兩分命 中 || 中 || 重,"success | 張三兩分命中 | action=2分命中 | player=張三 | 原文: 張三兩分命中 | 拼音: zhang san liang fen ming zhong | 🔍 拼音回退: 关键词pinyin=liang fen | 左侧拼音: zhang san | 右侧拼音: ming zhong | 拼音回退球员: 拼音回退球员[張三(变体匹配0.95), 李四(拼音=li si vs zhang san=0.24), 王五(拼音=wang wu vs zhang san=0.40), 趙麗(拼音=zhao li vs zhang san=0.38), 劉芳(拼音=liu fang vs zhang san=0.04), 陳杰(拼音=chen jie vs zhang san=0.44), Emma(拼音=emma vs zhang san=0.12), Michael(拼音=michael vs zhang san=0.16), Alice(拼音=alice vs zhang san=0.31), John(拼音=john vs zhang san=0.12), 王Emma(拼音=wangemma vs zhang san=0.00), David(拼音=david vs zhang san=0.16)]"
speechTranscriber,zh-Hant-TW-two-made-number,一 號 兩 分命 中,199,199,stat.twoMade,true,true,,,一 號 兩 分命 中 || 中 || 重,success | 1號兩分命中 | action=2分命中 | player=張三 | 原文: 1號兩分命中 | 拼音: 1hao liang fen ming zhong | 🔍 拼音回退: 关键词pinyin=liang fen | 左侧拼音: 1hao | 右侧拼音: ming zhong | 拼音回退球员: 号码1直配
speechTranscriber,zh-Hant-TW-two-missed,李 四 兩 分沒 中,124,124,stat.twoMissed,true,true,,,李 四 兩 分沒 中 || 中 || 重,"success | 李四兩分沒中 | action=2分不中 | player=李四 | 原文: 李四兩分沒中 | 拼音: li si liang fen mei zhong | 🔍 拼音回退: 关键词pinyin=liang fen | 左侧拼音: li si | 右侧拼音: mei zhong | 拼音回退球员: 拼音回退球员[張三(拼音=zhang san vs li si=0.00), 李四(变体匹配0.95), 王五(拼音=wang wu vs li si=0.05), 趙麗(拼音=zhao li vs li si=0.00), 劉芳(拼音=liu fang vs li si=0.29), 陳杰(拼音=chen jie vs li si=0.00), Emma(拼音=emma vs li si=0.07), Michael(拼音=michael vs li si=0.21), Alice(拼音=alice vs li si=0.00), John(拼音=john vs li si=0.00), 王Emma(拼音=wangemma vs li si=0.04), David(拼音=david vs li si=0.34)]"
speechTranscriber,zh-Hant-TW-two-missed-number,2 號兩分 沒中,123,123,stat.twoMissed,true,true,,,2 號兩分 沒中 || 沒中,success | 2 號兩分沒中 | action=2分不中 | player=李四 | 原文: 2 號兩分沒中 | 拼音: 2 hao liang fen mei zhong | 🔍 拼音回退: 关键词pinyin=liang fen | 左侧拼音: 2 hao | 右侧拼音: mei zhong | 拼音回退球员: 号码2直配
speechTranscriber,zh-Hant-TW-three-made,王 武 三分命中,135,135,stat.threeMade,true,true,,,王 武 三分命中 || 三分命中,"success | 王武三分命中 | action=3分命中 | player=王五 | 原文: 王武三分命中 | 拼音: wang wu san fen ming zhong | 🔍 拼音回退: 关键词pinyin=san fen | 左侧拼音: wang wu | 右侧拼音: ming zhong | 拼音回退球员: 拼音回退球员[張三(拼音=zhang san vs wang wu=0.00), 李四(拼音=li si vs wang wu=0.15), 王五(变体匹配0.95), 趙麗(拼音=zhao li vs wang wu=0.05), 劉芳(拼音=liu fang vs wang wu=0.04), 陳杰(拼音=chen jie vs wang wu=0.04), Emma(拼音=emma vs wang wu=0.12), Michael(拼音=michael vs wang wu=0.07), Alice(拼音=alice vs wang wu=0.30), John(拼音=john vs wang wu=0.08), 王Emma(拼音=wangemma vs wang wu=0.50), David(拼音=david vs wang wu=0.17)]"
speechTranscriber,zh-Hant-TW-three-made-number,3 號 三 分命 中,136,136,stat.threeMade,true,true,,,3 號 三 分命 中 || 中 || 重,success | 3 號三分命中 | action=3分命中 | player=王五 | 原文: 3 號三分命中 | 拼音: 3 hao san fen ming zhong | 🔍 拼音回退: 关键词pinyin=san fen | 左侧拼音: 3 hao | 右侧拼音: ming zhong | 拼音回退球员: 号码3直配
speechTranscriber,zh-Hant-TW-three-missed,趙 麗 三分沒中,130,130,stat.threeMissed,true,true,,,趙 麗 三分沒中 || 三分沒中,"success | 趙麗三分沒中 | action=3分不中 | player=趙麗 | 原文: 趙麗三分沒中 | 拼音: zhao li san fen mei zhong | 🔍 拼音回退: 关键词pinyin=san fen | 左侧拼音: zhao li | 右侧拼音: mei zhong | 拼音回退球员: 拼音回退球员[張三(拼音=zhang san vs zhao li=0.38), 李四(拼音=li si vs zhao li=0.17), 王五(拼音=wang wu vs zhao li=0.05), 趙麗(变体匹配0.95), 劉芳(拼音=liu fang vs zhao li=0.03), 陳杰(拼音=chen jie vs zhao li=0.44), Emma(拼音=emma vs zhao li=0.12), Michael(拼音=michael vs zhao li=0.07), Alice(拼音=alice vs zhao li=0.08), John(拼音=john vs zhao li=0.18), 王Emma(拼音=wangemma vs zhao li=0.00), David(拼音=david vs zhao li=0.17)]"
speechTranscriber,zh-Hant-TW-three-missed-number,4 號 三 分沒 中,129,152,stat.threeMissed,true,true,,,4 號 三 分沒 中 || 中 || 重,success | 4 號三分沒中 | action=3分不中 | player=趙麗 | 原文: 4 號三分沒中 | 拼音: 4 hao san fen mei zhong | 🔍 拼音回退: 关键词pinyin=san fen | 左侧拼音: 4 hao | 右侧拼音: mei zhong | 拼音回退球员: 号码4直配
speechTranscriber,zh-Hant-TW-bonus-made,劉芳 加 罰 命中,126,127,stat.bonusMade,true,true,,,劉芳 加 罰 命中 || 命中,"success | 劉芳加罰命中 | action=加罚命中 | player=劉芳 | 原文: 劉芳加罰命中 | 拼音: liu fang jia fa ming zhong | 🔍 拼音回退: 关键词pinyin=jia fa | 左侧拼音: liu fang | 右侧拼音: ming zhong | 拼音回退球员: 拼音回退球员[張三(拼音=zhang san vs liu fang=0.03), 李四(拼音=li si vs liu fang=0.29), 王五(拼音=wang wu vs liu fang=0.04), 趙麗(拼音=zhao li vs liu fang=0.16), 劉芳(变体匹配0.95), 陳杰(拼音=chen jie vs liu fang=0.03), Emma(拼音=emma vs liu fang=0.21), Michael(拼音=michael vs liu fang=0.33), Alice(拼音=alice vs liu fang=0.10), John(拼音=john vs liu fang=0.14), 王Emma(拼音=wangemma vs liu fang=0.12), David(拼音=david vs liu fang=0.14)]"
speechTranscriber,zh-Hant-TW-bonus-made-number,5號 加 罰 命中,146,146,stat.bonusMade,true,true,,,5號 加 罰 命中 || 命中,success | 5號加罰命中 | action=加罚命中 | player=劉芳 | 原文: 5號加罰命中 | 拼音: 5hao jia fa ming zhong | 🔍 拼音回退: 关键词pinyin=jia fa | 左侧拼音: 5hao | 右侧拼音: ming zhong | 拼音回退球员: 号码5直配
speechTranscriber,zh-Hant-TW-bonus-missed,純 潔 家 法 美 重,114,114,stat.bonusMissed,true,true,,,純 潔 家 法 美 重 || 重,"success | 純潔家法美重 | action=加罚不中 | player=陳杰 | 原文: 純潔家法美重 | 拼音: chun jie jia fa mei zhong | 🔍 拼音回退: 关键词pinyin=jia fa | 左侧拼音: chun jie | 右侧拼音: mei zhong | 拼音回退球员: 拼音回退球员[張三(拼音=zhang san vs chun jie=0.41), 李四(拼音=li si vs chun jie=0.16), 王五(拼音=wang wu vs chun jie=0.20), 趙麗(拼音=zhao li vs chun jie=0.41), 劉芳(拼音=liu fang vs chun jie=0.14), 陳杰(拼音相似0.89), Emma(拼音=emma vs chun jie=0.11), Michael(拼音=michael vs chun jie=0.07), Alice(拼音=alice vs chun jie=0.26), John(拼音=john vs chun jie=0.14), 王Emma(拼音=wangemma vs chun jie=0.00), David(拼音=david vs chun jie=0.14)]"
speechTranscriber,zh-Hant-TW-bonus-missed-number,6號 加 閥 沒中,112,112,stat.bonusMissed,true,true,,,6號 加 閥 沒中 || 沒中,success | 6號加閥沒中 | action=加罚不中 | player=陳杰 | 原文: 6號加閥沒中 | 拼音: 6hao jia fa mei zhong | 🔍 拼音回退: 关键词pinyin=jia fa | 左侧拼音: 6hao | 右侧拼音: mei zhong | 拼音回退球员: 号码6直配
speechTranscriber,zh-Hant-TW-free-throw-made,罰球命中,112,112,stat.freeThrowMade,false,true,,,罰球命中 || 球命中 || 罰命中 || ma罰球命中 || 罰球中,"success | ma罰球命中 | action=罚篮命中 | player=王Emma | 原文: ma罰球命中 | 拼音: ma fa qiu ming zhong | 🔍 拼音回退: 关键词pinyin=fa qiu | 左侧拼音: ma | 右侧拼音: ming zhong | 拼音回退球员: 拼音回退球员[張三(拼音=zhang san vs ma=0.00), 李四(拼音=li si vs ma=0.07), 王五(拼音=wang wu vs ma=0.17), 趙麗(拼音=zhao li vs ma=0.00), 劉芳(拼音=liu fang vs ma=0.04), 陳杰(拼音=chen jie vs ma=0.00), Emma(直配1.0), Michael(拼音=michael vs ma=0.19), Alice(拼音=alice vs ma=0.00), John(拼音=john vs ma=0.12), 王Emma(直配1.0), David(拼音=david vs ma=0.20)]"
speechTranscriber,zh-Hant-TW-free-throw-made-number,7 號 罰 球 命 中,121,122,stat.freeThrowMade,true,true,,,7 號 罰 球 命 中 || 中 || 重,success | 7 號罰球命中 | action=罚篮命中 | player=Emma | 原文: 7 號罰球命中 | 拼音: 7 hao fa qiu ming zhong | 🔍 拼音回退: 关键词pinyin=fa qiu | 左侧拼音: 7 hao | 右侧拼音: ming zhong | 拼音回退球员: 号码7直配
speechTranscriber,zh-Hant-TW-free-throw-missed,Michael 罰 球沒中,135,135,stat.freeThrowMissed,true,true,,,Michael 罰 球沒中 || 球沒中,"success | Michael 罰球沒中 | action=罚篮不中 | player=Michael | 原文: Michael 罰球沒中 | 拼音: michael fa qiu mei zhong | 🔍 拼音回退: 关键词pinyin=fa qiu | 左侧拼音: michael | 右侧拼音: mei zhong | 拼音回退球员: 拼音回退球员[張三(拼音=zhang san vs michael=0.00), 李四(拼音=li si vs michael=0.21), 王五(拼音=wang wu vs michael=0.07), 趙麗(拼音=zhao li vs michael=0.07), 劉芳(拼音=liu fang vs michael=0.33), 陳杰(拼音=chen jie vs michael=0.07), Emma(拼音=emma vs michael=0.21), Michael(直配1.0), Alice(拼音=alice vs michael=0.19), John(拼音=john vs michael=0.16), 王Emma(拼音=wangemma vs michael=0.09), David(拼音=david vs michael=0.13)]"
speechTranscriber,zh-Hant-TW-free-throw-missed-number,8號 罰球沒中,128,129,stat.freeThrowMissed,true,true,,,8號 罰球沒中 || 罰球沒中,success | 8號罰球沒中 | action=罚篮不中 | player=Michael | 原文: 8號罰球沒中 | 拼音: 8hao fa qiu mei zhong | 🔍 拼音回退: 关键词pinyin=fa qiu | 左侧拼音: 8hao | 右侧拼音: mei zhong | 拼音回退球员: 号码8直配
speechTranscriber,zh-Hant-TW-layup-made,Alis 聖 藍 命中,131,131,stat.layupMade,true,true,,,Alis 聖 藍 命中 || 命中,"success | Alis 上籃命中 | action=上篮命中 | player=Alice | 原文: Alis 上籃命中 | 拼音: alis shang lan ming zhong | 🔍 拼音回退: 关键词pinyin=shang lan | 左侧拼音: alis | 右侧拼音: ming zhong | 拼音回退球员: 拼音回退球员[張三(拼音=zhang san vs alis=0.04), 李四(拼音=li si vs alis=0.00), 王五(拼音=wang wu vs alis=0.00), 趙麗(拼音=zhao li vs alis=0.05), 劉芳(拼音=liu fang vs alis=0.04), 陳杰(拼音=chen jie vs alis=0.07), Emma(拼音=emma vs alis=0.10), Michael(拼音=michael vs alis=0.00), Alice(编辑距离2=0.75), John(拼音=john vs alis=0.00), 王Emma(拼音=wangemma vs alis=0.00), David(编辑距离3=0.70)]"
speechTranscriber,zh-Hant-TW-layup-made-number,9 號上 籃 命中,116,116,stat.layupMade,true,true,,,9 號上 籃 命中 || 命中,success | 9 號上籃命中 | action=上篮命中 | player=Alice | 原文: 9 號上籃命中 | 拼音: 9 hao shang lan ming zhong | 🔍 拼音回退: 关键词pinyin=shang lan | 左侧拼音: 9 hao | 右侧拼音: ming zhong | 拼音回退球员: 号码9直配
speechTranscriber,zh-Hant-TW-layup-missed,John上 籃 沒中,125,125,stat.layupMissed,true,true,,,John上 籃 沒中 || 沒中,"success | John上籃沒中 | action=上篮未中 | player=John | 原文: John上籃沒中 | 拼音: john shang lan mei zhong | 🔍 拼音回退: 关键词pinyin=shang lan | 左侧拼音: john | 右侧拼音: mei zhong | 拼音回退球员: 拼音回退球员[張三(拼音=zhang san vs john=0.12), 李四(拼音=li si vs john=0.00), 王五(拼音=wang wu vs john=0.08), 趙麗(拼音=zhao li vs john=0.00), 劉芳(拼音=liu fang vs john=0.00), 陳杰(拼音=chen jie vs john=0.14), Emma(拼音=emma vs john=0.00), Michael(拼音=michael vs john=0.00), Alice(拼音=alice vs john=0.00), John(直配1.0), 王Emma(拼音=wangemma vs john=0.06), David(拼音=david vs john=0.10)]"
speechTranscriber,zh-Hant-TW-layup-missed-number,10號 上 來 沒 中,114,114,stat.layupMissed,true,true,,,10號 上 來 沒 中 || 中 || 重,success | 10號上來沒中 | action=上篮未中 | player=John | 原文: 10號上來沒中 | 拼音: 10hao shang lai mei zhong | 🔍 拼音回退: 关键词pinyin=shang lai | 左侧拼音: 10hao | 右侧拼音: mei zhong | 拼音回退球员: 号码10直配
speechTranscriber,zh-Hant-TW-mid-range-made,王中 投命中,137,137,stat.midRangeMade,false,true,,,王中 投命中 || 投命中,"success | 王中投命中 | action=中投命中 | player=王五 | 原文: 王中投命中 | 拼音: wang zhong tou ming zhong | 🔍 拼音回退: 关键词pinyin=zhong tou | 左侧拼音: wang | 右侧拼音: ming zhong | 拼音回退球员: 拼音回退球员[張三(拼音=zhang san vs wang=0.00), 李四(拼音=li si vs wang=0.07), 王五(拼音相似0.67), 趙麗(拼音=zhao li vs wang=0.00), 劉芳(拼音=liu fang vs wang=0.04), 陳杰(拼音=chen jie vs wang=0.00), Emma(拼音=emma vs wang=0.07), Michael(拼音=michael vs wang=0.04), Alice(拼音=alice vs wang=0.00), John(拼音=john vs wang=0.12), 王Emma(拼音=wangemma vs wang=0.50), David(拼音=david vs wang=0.20)]"
speechTranscriber,zh-Hant-TW-mid-range-made-number,11 號 中 頭命中,127,127,stat.midRangeMade,true,true,,,11 號 中 頭命中 || 頭命中,success | 11 號中頭命中 | action=中投命中 | player=王Emma | 原文: 11 號中頭命中 | 拼音: 11 hao zhong tou ming zhong | 🔍 拼音回退: 关键词pinyin=zhong tou | 左侧拼音: 11 hao | 右侧拼音: ming zhong | 拼音回退球员: 号码11直配
speechTranscriber,zh-Hant-TW-mid-range-missed,David 中 投 沒中,123,123,stat.midRangeMissed,true,true,,,David 中 投 沒中 || 沒中,"success | David 中投沒中 | action=中投未中 | player=David | 原文: David 中投沒中 | 拼音: david zhong tou mei zhong | 🔍 拼音回退: 关键词pinyin=zhong tou | 左侧拼音: david | 右侧拼音: mei zhong | 拼音回退球员: 拼音回退球员[張三(拼音=zhang san vs david=0.00), 李四(拼音=li si vs david=0.34), 王五(拼音=wang wu vs david=0.17), 趙麗(拼音=zhao li vs david=0.07), 劉芳(拼音=liu fang vs david=0.10), 陳杰(拼音=chen jie vs david=0.00), Emma(拼音=emma vs david=0.08), Michael(拼音=michael vs david=0.04), Alice(拼音=alice vs david=0.00), John(拼音=john vs david=0.10), 王Emma(拼音=wangemma vs david=0.12), David(直配1.0)]"
speechTranscriber,zh-Hant-TW-mid-range-missed-number,12 號 鐘 頭 沒中,116,116,stat.midRangeMissed,true,true,,,12 號 鐘 頭 沒中 || 沒中,success | 12 號鐘頭沒中 | action=中投未中 | player=David | 原文: 12 號鐘頭沒中 | 拼音: 12 hao zhong tou mei zhong | 🔍 拼音回退: 关键词pinyin=zhong tou | 左侧拼音: 12 hao | 右侧拼音: mei zhong | 拼音回退球员: 号码12直配
speechTranscriber,zh-Hant-TW-paint-made,張三 攔 下命中,119,119,stat.paintMade,true,true,,,張三 攔 下命中 || 下命中,"success | 張三籃下命中 | action=篮下命中 | player=張三 | 原文: 張三籃下命中 | 拼音: zhang san lan xia ming zhong | 🔍 拼音回退: 关键词pinyin=lan xia | 左侧拼音: zhang san | 右侧拼音: ming zhong | 拼音回退球员: 拼音回退球员[張三(变体匹配0.95), 李四(拼音=li si vs zhang san=0.24), 王五(拼音=wang wu vs zhang san=0.40), 趙麗(拼音=zhao li vs zhang san=0.38), 劉芳(拼音=liu fang vs zhang san=0.04), 陳杰(拼音=chen jie vs zhang san=0.44), Emma(拼音=emma vs zhang san=0.12), Michael(拼音=michael vs zhang san=0.16), Alice(拼音=alice vs zhang san=0.31), John(拼音=john vs zhang san=0.12), 王Emma(拼音=wangemma vs zhang san=0.00), David(拼音=david vs zhang san=0.16)]"
speechTranscriber,zh-Hant-TW-paint-made-number,1 號 籃 下命中,111,111,stat.paintMade,true,true,,,1 號 籃 下命中 || 下命中,success | 1 號籃下命中 | action=篮下命中 | player=張三 | 原文: 1 號籃下命中 | 拼音: 1 hao lan xia ming zhong | 🔍 拼音回退: 关键词pinyin=lan xia | 左侧拼音: 1 hao | 右侧拼音: ming zhong | 拼音回退球员: 号码1直配
speechTranscriber,zh-Hant-TW-paint-missed,李四攔下 沒 中,125,125,stat.paintMissed,true,true,,,李四攔下 沒 中 || 中 || 重 || 眾,"success | 李四籃下沒中 | action=篮下未中 | player=李四 | 原文: 李四籃下沒中 | 拼音: li si lan xia mei zhong | 🔍 拼音回退: 关键词pinyin=lan xia | 左侧拼音: li si | 右侧拼音: mei zhong | 拼音回退球员: 拼音回退球员[張三(拼音=zhang san vs li si=0.00), 李四(变体匹配0.95), 王五(拼音=wang wu vs li si=0.05), 趙麗(拼音=zhao li vs li si=0.00), 劉芳(拼音=liu fang vs li si=0.29), 陳杰(拼音=chen jie vs li si=0.00), Emma(拼音=emma vs li si=0.07), Michael(拼音=michael vs li si=0.21), Alice(拼音=alice vs li si=0.00), John(拼音=john vs li si=0.00), 王Emma(拼音=wangemma vs li si=0.04), David(拼音=david vs li si=0.34)]"
speechTranscriber,zh-Hant-TW-paint-missed-number,2號 來下 沒 中,115,116,,false,true,,,2號 來下 沒 中 || 中,failure | 2號來下沒中 | 原文: 2號來下沒中 | 拼音: 2hao lai xia mei zhong | ❌ 全文无匹配: 2號來下沒中 | 拼音: 2hao lai xia mei zhong
speechTranscriber,zh-Hant-TW-putback-made,往 我 補 來 命中,112,112,stat.putbackMade,true,true,,,往 我 補 來 命中 || 命中,"success | 往我補籃命中 | action=补篮命中 | player=王五 | 原文: 往我補籃命中 | 拼音: wang wo bu lan ming zhong | 🔍 拼音回退: 关键词pinyin=bu lan | 左侧拼音: wang wo | 右侧拼音: ming zhong | 拼音回退球员: 拼音回退球员[張三(拼音=zhang san vs wang wo=0.00), 李四(拼音=li si vs wang wo=0.10), 王五(拼音相似0.93), 趙麗(拼音=zhao li vs wang wo=0.00), 劉芳(拼音=liu fang vs wang wo=0.04), 陳杰(拼音=chen jie vs wang wo=0.00), Emma(拼音=emma vs wang wo=0.12), Michael(拼音=michael vs wang wo=0.13), Alice(拼音=alice vs wang wo=0.37), John(拼音=john vs wang wo=0.08), 王Emma(拼音=wangemma vs wang wo=0.50), David(拼音=david vs wang wo=0.17)]"
speechTranscriber,zh-Hant-TW-putback-made-number,3 號 補 藍 命中,116,117,stat.putbackMade,true,true,,,3 號 補 藍 命中 || 命中,success | 3 號補藍命中 | action=补篮命中 | player=王五 | 原文: 3 號補藍命中 | 拼音: 3 hao bu lan ming zhong | 🔍 拼音回退: 关键词pinyin=bu lan | 左侧拼音: 3 hao | 右侧拼音: ming zhong | 拼音回退球员: 号码3直配
speechTranscriber,zh-Hant-TW-putback-missed,趙麗補 來 沒 中,118,119,stat.putbackMissed,true,true,,,趙麗補 來 沒 中 || 中,"success | 趙麗補籃沒中 | action=补篮未中 | player=趙麗 | 原文: 趙麗補籃沒中 | 拼音: zhao li bu lan mei zhong | 🔍 拼音回退: 关键词pinyin=bu lan | 左侧拼音: zhao li | 右侧拼音: mei zhong | 拼音回退球员: 拼音回退球员[張三(拼音=zhang san vs zhao li=0.38), 李四(拼音=li si vs zhao li=0.17), 王五(拼音=wang wu vs zhao li=0.05), 趙麗(变体匹配0.95), 劉芳(拼音=liu fang vs zhao li=0.03), 陳杰(拼音=chen jie vs zhao li=0.44), Emma(拼音=emma vs zhao li=0.12), Michael(拼音=michael vs zhao li=0.07), Alice(拼音=alice vs zhao li=0.08), John(拼音=john vs zhao li=0.18), 王Emma(拼音=wangemma vs zhao li=0.00), David(拼音=david vs zhao li=0.17)]"
speechTranscriber,zh-Hant-TW-putback-missed-number,4 號補 藍 沒 中,142,142,stat.putbackMissed,true,true,,,4 號補 藍 沒 中 || 中,success | 4 號補藍沒中 | action=补篮未中 | player=趙麗 | 原文: 4 號補藍沒中 | 拼音: 4 hao bu lan mei zhong | 🔍 拼音回退: 关键词pinyin=bu lan | 左侧拼音: 4 hao | 右侧拼音: mei zhong | 拼音回退球员: 号码4直配
speechTranscriber,zh-Hant-TW-dunk-made,劉芳 扣 來 命中,124,125,stat.dunkMade,true,true,,,劉芳 扣 來 命中 || 命中,"success | 劉芳扣籃命中 | action=扣篮命中 | player=劉芳 | 原文: 劉芳扣籃命中 | 拼音: liu fang kou lan ming zhong | 🔍 拼音回退: 关键词pinyin=kou lan | 左侧拼音: liu fang | 右侧拼音: ming zhong | 拼音回退球员: 拼音回退球员[張三(拼音=zhang san vs liu fang=0.03), 李四(拼音=li si vs liu fang=0.29), 王五(拼音=wang wu vs liu fang=0.04), 趙麗(拼音=zhao li vs liu fang=0.16), 劉芳(变体匹配0.95), 陳杰(拼音=chen jie vs liu fang=0.03), Emma(拼音=emma vs liu fang=0.21), Michael(拼音=michael vs liu fang=0.33), Alice(拼音=alice vs liu fang=0.10), John(拼音=john vs liu fang=0.14), 王Emma(拼音=wangemma vs liu fang=0.12), David(拼音=david vs liu fang=0.14)]"
speechTranscriber,zh-Hant-TW-dunk-made-number,5 號扣 籃 命中,116,116,stat.dunkMade,true,true,,,5 號扣 籃 命中 || 命中,success | 5 號扣籃命中 | action=扣篮命中 | player=劉芳 | 原文: 5 號扣籃命中 | 拼音: 5 hao kou lan ming zhong | 🔍 拼音回退: 关键词pinyin=kou lan | 左侧拼音: 5 hao | 右侧拼音: ming zhong | 拼音回退球员: 号码5直配
speechTranscriber,zh-Hant-TW-dunk-missed,陳 傑 扣 籃 沒中,119,119,stat.dunkMissed,true,true,,,陳 傑 扣 籃 沒中 || 沒中,"success | 陳傑扣籃沒中 | action=扣篮未中 | player=陳杰 | 原文: 陳傑扣籃沒中 | 拼音: chen jie kou lan mei zhong | 🔍 拼音回退: 关键词pinyin=kou lan | 左侧拼音: chen jie | 右侧拼音: mei zhong | 拼音回退球员: 拼音回退球员[張三(拼音=zhang san vs chen jie=0.44), 李四(拼音=li si vs chen jie=0.16), 王五(拼音=wang wu vs chen jie=0.23), 趙麗(拼音=zhao li vs chen jie=0.44), 劉芳(拼音=liu fang vs chen jie=0.03), 陳杰(变体匹配0.95), Emma(拼音=emma vs chen jie=0.23), Michael(拼音=michael vs chen jie=0.07), Alice(拼音=alice vs chen jie=0.29), John(拼音=john vs chen jie=0.14), 王Emma(拼音=wangemma vs chen jie=0.00), David(拼音=david vs chen jie=0.14)]"
speechTranscriber,zh-Hant-TW-dunk-missed-number,6 號 後 來 沒中,124,124,stat.dunkMissed,true,true,,,6 號 後 來 沒中 || 沒中,success | 6 號扣籃沒中 | action=扣篮未中 | player=陳杰 | 原文: 6 號扣籃沒中 | 拼音: 6 hao kou lan mei zhong | 🔍 拼音回退: 关键词pinyin=kou lan | 左侧拼音: 6 hao | 右侧拼音: mei zhong | 拼音回退球员: 号码6直配
speechTranscriber,zh-Hant-TW-foul,犯規,114,114,stat.foul,false,true,,,犯規 || M犯規 || 規 || m犯規 || A犯規,"success | M犯規 | action=犯规 | player=Michael | 原文: M犯規 | 拼音: m fan gui | 🔍 统计拼音回退: 关键词pinyin=fan gui | 左侧拼音: m | 右侧拼音: 空 | 统计拼音回退球员: 统计拼音回退球员[張三(拼音=zhang san vs m=0.00), 李四(拼音=li si vs m=0.00), 王五(拼音=wang wu vs m=0.00), 趙麗(拼音=zhao li vs m=0.00), 劉芳(拼音=liu fang vs m=0.00), 陳杰(拼音=chen jie vs m=0.00), Emma(直配1.0), Michael(直配1.0), Alice(拼音=alice vs m=0.00), John(拼音=john vs m=0.00), 王Emma(直配1.0), David(拼音=david vs m=0.00)]"
speechTranscriber,zh-Hant-TW-foul-number,7 號 犯規,116,116,stat.foul,true,true,,,7 號 犯規 || 犯規 || 犯歸 || 犯,success | 7 號犯規 | action=犯规 | player=Emma | 原文: 7 號犯規 | 拼音: 7 hao fan gui | 🔍 统计拼音回退: 关键词pinyin=fan gui | 左侧拼音: 7 hao | 右侧拼音: 空 | 统计拼音回退球员: 号码7直配
speechTranscriber,zh-Hant-TW-rebound,Michael 籃 闆,117,118,stat.rebound,true,true,,,Michael 籃 闆 || 闆,"success | Michael 籃板 | action=篮板 | player=Michael | 原文: Michael 籃板 | 拼音: michael lan ban | 🔍 统计拼音回退: 关键词pinyin=lan ban | 左侧拼音: michael | 右侧拼音: 空 | 统计拼音回退球员: 统计拼音回退球员[張三(拼音=zhang san vs michael=0.00), 李四(拼音=li si vs michael=0.21), 王五(拼音=wang wu vs michael=0.07), 趙麗(拼音=zhao li vs michael=0.07), 劉芳(拼音=liu fang vs michael=0.33), 陳杰(拼音=chen jie vs michael=0.07), Emma(拼音=emma vs michael=0.21), Michael(直配1.0), Alice(拼音=alice vs michael=0.19), John(拼音=john vs michael=0.16), 王Emma(拼音=wangemma vs michael=0.09), David(拼音=david vs michael=0.13)]"
speechTranscriber,zh-Hant-TW-rebound-number,8 號 籃闆,115,122,stat.rebound,true,true,,,8 號 籃闆 || 籃闆 || 藍闆 || 闆,success | 8 號籃板 | action=篮板 | player=Michael | 原文: 8 號籃板 | 拼音: 8 hao lan ban | 🔍 统计拼音回退: 关键词pinyin=lan ban | 左侧拼音: 8 hao | 右侧拼音: 空 | 统计拼音回退球员: 号码8直配
speechTranscriber,zh-Hant-TW-offensive-rebound,前場 籃 闆,127,127,,false,true,,,前場 籃 闆 || 闆,failure | 前場板 | action=stat.offensiveRebound | 原文: 前場板 | 拼音: qian chang ban | 🔍 统计拼音回退: 关键词pinyin=qian chang ban | 左侧拼音: 空 | 右侧拼音: 空 | ❌ 统计拼音回退: 未匹配到球员 | 左侧拼音: 空
speechTranscriber,zh-Hant-TW-offensive-rebound-number,9 號 前 場 籃 闆,123,124,stat.offensiveRebound,true,true,,,9 號 前 場 籃 闆 || 闆,success | 9 號前場板 | action=前场板 | player=Alice | 原文: 9 號前場板 | 拼音: 9 hao qian chang ban | 🔍 统计拼音回退: 关键词pinyin=qian chang ban | 左侧拼音: 9 hao | 右侧拼音: 空 | 统计拼音回退球员: 号码9直配
speechTranscriber,zh-Hant-TW-defensive-rebound,John後 場 籃 闆,119,119,stat.defensiveRebound,true,true,,,John後 場 籃 闆 || 闆,"success | John後場板 | action=后场板 | player=John | 原文: John後場板 | 拼音: john hou chang ban | 🔍 统计拼音回退: 关键词pinyin=hou chang ban | 左侧拼音: john | 右侧拼音: 空 | 统计拼音回退球员: 统计拼音回退球员[張三(拼音=zhang san vs john=0.12), 李四(拼音=li si vs john=0.00), 王五(拼音=wang wu vs john=0.08), 趙麗(拼音=zhao li vs john=0.00), 劉芳(拼音=liu fang vs john=0.00), 陳杰(拼音=chen jie vs john=0.14), Emma(拼音=emma vs john=0.00), Michael(拼音=michael vs john=0.00), Alice(拼音=alice vs john=0.00), John(直配1.0), 王Emma(拼音=wangemma vs john=0.06), David(拼音=david vs john=0.10)]"
speechTranscriber,zh-Hant-TW-defensive-rebound-number,10號 後 場 籃 闆,118,118,stat.defensiveRebound,true,true,,,10號 後 場 籃 闆 || 闆 || 版,success | 10號後場板 | action=后场板 | player=John | 原文: 10號後場板 | 拼音: 10hao hou chang ban | 🔍 统计拼音回退: 关键词pinyin=hou chang ban | 左侧拼音: 10hao | 右侧拼音: 空 | 统计拼音回退球员: 号码10直配
speechTranscriber,zh-Hant-TW-assist,助 攻,106,106,,false,true,,,助 攻 || 攻,failure | 助攻 | action=stat.assist | 原文: 助攻 | 拼音: zhu gong | 🔍 统计拼音回退: 关键词pinyin=zhu gong | 左侧拼音: 空 | 右侧拼音: 空 | ❌ 统计拼音回退: 未匹配到球员 | 左侧拼音: 空
speechTranscriber,zh-Hant-TW-assist-number,十一 號助 攻,118,118,stat.assist,true,true,,,十一 號助 攻 || 攻 || 工,success | 11號助攻 | action=助攻 | player=王Emma | 原文: 11號助攻 | 拼音: 11hao zhu gong | 🔍 统计拼音回退: 关键词pinyin=zhu gong | 左侧拼音: 11hao | 右侧拼音: 空 | 统计拼音回退球员: 号码11直配
speechTranscriber,zh-Hant-TW-block,,,,,false,false,未识别：%@,,,
speechTranscriber,zh-Hant-TW-block-number,12 號蓋 帽,122,122,stat.block,true,true,,,12 號蓋 帽 || 帽 || 茂 || 碼,success | 12 號蓋帽 | action=封盖 | player=David | 原文: 12 號蓋帽 | 拼音: 12 hao gai mao | 🔍 统计拼音回退: 关键词pinyin=gai mao | 左侧拼音: 12 hao | 右侧拼音: 空 | 统计拼音回退球员: 号码12直配
speechTranscriber,zh-Hant-TW-steal,張三 超傑,119,119,stat.steal,true,true,,,張三 超傑 || 超傑 || 超節 || 超 || 超結 || 抄,"success | 張三超傑 | action=抢断 | player=張三 | 原文: 張三超傑 | 拼音: zhang san chao jie | 🔍 统计拼音回退: 关键词pinyin=chao jie | 左侧拼音: zhang san | 右侧拼音: 空 | 统计拼音回退球员: 统计拼音回退球员[張三(变体匹配0.95), 李四(拼音=li si vs zhang san=0.24), 王五(拼音=wang wu vs zhang san=0.40), 趙麗(拼音=zhao li vs zhang san=0.38), 劉芳(拼音=liu fang vs zhang san=0.04), 陳杰(拼音=chen jie vs zhang san=0.44), Emma(拼音=emma vs zhang san=0.12), Michael(拼音=michael vs zhang san=0.16), Alice(拼音=alice vs zhang san=0.31), John(拼音=john vs zhang san=0.12), 王Emma(拼音=wangemma vs zhang san=0.00), David(拼音=david vs zhang san=0.16)]"
speechTranscriber,zh-Hant-TW-steal-number,一 號 超 節,114,115,stat.steal,true,true,,,一 號 超 節 || 節 || 級,success | 1號超節 | action=抢断 | player=張三 | 原文: 1號超節 | 拼音: 1hao chao jie | 🔍 统计拼音回退: 关键词pinyin=chao jie | 左侧拼音: 1hao | 右侧拼音: 空 | 统计拼音回退球员: 号码1直配
speechTranscriber,zh-Hant-TW-turnover,歷 45,110,110,,false,true,,,歷 45 || 第 45 || 45 || 第四5 || 歷四5,failure | 歷 45 | 原文: 歷 45 | 拼音: li 45 | ❌ 全文无匹配: 歷 45 | 拼音: li 45
speechTranscriber,zh-Hant-TW-turnover-number,2號失誤,102,102,stat.turnover,true,true,,,2號失誤 || 號失誤 || 2失誤 || 2號失5 || 2號誤,success | 2號失誤 | action=失误 | player=李四 | 原文: 2號失誤 | 拼音: 2hao shi wu | 🔍 统计拼音回退: 关键词pinyin=shi wu | 左侧拼音: 2hao | 右侧拼音: 空 | 统计拼音回退球员: 号码2直配
speechTranscriber,zh-Hant-TW-assist-two,王 五 助攻 照 例兩 分,128,128,stat.assistTwoMade,true,true,,,王 五 助攻 照 例兩 分 || 分 || 分。,success | 王五助攻照例兩分 | action=助攻 + 2分命中 | player=王五 → 趙麗 | 原文: 王五助攻照例兩分 | 拼音: wang wu zhu gong zhao li liang fen | 🔍 统计拼音回退: 关键词pinyin=zhu gong | 左侧拼音: wang wu | 右侧拼音: zhao li liang fen | 拼音回退双事件: 王五助攻趙麗2分命中
speechTranscriber,zh-Hant-TW-assist-two-number,3號助 攻 4 號 2 分,138,138,stat.assist,true,false,,,3號助 攻 4 號 2 分 || 分,success | 3號助攻 4 號 2 分 | action=助攻 | player=王五 | 原文: 3號助攻 4 號 2 分 | 拼音: 3hao zhu gong 4 hao 2 fen | 🔍 统计拼音回退: 关键词pinyin=zhu gong | 左侧拼音: 3hao | 右侧拼音: 4 hao 2 fen | 统计拼音回退球员: 号码3直配
speechTranscriber,zh-Hant-TW-assist-three,劉芳助攻 陳 潔 三分,144,145,stat.assistThreeMade,true,true,,,劉芳助攻 陳 潔 三分 || 三分,success | 劉芳助攻陳潔三分 | action=助攻 + 3分命中 | player=劉芳 → 陳杰 | 原文: 劉芳助攻陳潔三分 | 拼音: liu fang zhu gong chen jie san fen | 🔍 统计拼音回退: 关键词pinyin=zhu gong | 左侧拼音: liu fang | 右侧拼音: chen jie san fen | 拼音回退双事件: 劉芳助攻陳杰3分命中
speechTranscriber,zh-Hant-TW-assist-three-number,5號助 攻 6 號 三 分。,150,150,stat.assistThreeMade,true,true,,,5號助 攻 6 號 三 分。 || 分。 || 分,success | 5號助攻 6 號三分 | action=助攻 + 3分命中 | player=劉芳 → 陳杰 | 原文: 5號助攻 6 號三分 | 拼音: 5hao zhu gong 6 hao san fen | 🔍 统计拼音回退: 关键词pinyin=zhu gong | 左侧拼音: 5hao | 右侧拼音: 6 hao san fen | 拼音回退双事件: 劉芳助攻陳杰3分命中
speechTranscriber,zh-Hant-TW-steal-turnover,超級 Michael,138,138,,false,false,,,超級 Michael || Michael || 超 Michael || 超級 Michae || 超 Michae,failure | 抄截 Michael | action=stat.steal | 原文: 抄截 Michael | 拼音: chao jie michael | 🔍 统计拼音回退: 关键词pinyin=chao jie | 左侧拼音: 空 | 右侧拼音: michael | ❌ 统计拼音回退: 未匹配到球员 | 左侧拼音: 空
speechTranscriber,zh-Hant-TW-steal-turnover-number,7 號超 級 8號,128,128,stat.stealTurnover,true,true,,,7 號超 級 8號 || 8號,success | 7 號抄截 8號 | action=抢断 + 失误 | player=Emma → Michael | 原文: 7 號抄截 8號 | 拼音: 7 hao chao jie 8hao | 🔍 统计拼音回退: 关键词pinyin=chao jie | 左侧拼音: 7 hao | 右侧拼音: 8hao | 统计拼音回退双事件: Emma抢断Michael
speechTranscriber,zh-Hant-TW-start,開始,100,100,event.period,true,true,,,開始 || 開 || 始 || 我開始,
speechTranscriber,zh-Hant-TW-start-number,開 始比賽,114,115,event.period,true,true,,,開 始比賽 || 始比賽 || 始比賽。 || 比賽 || 始賽,
speechTranscriber,zh-Hant-TW-pause,暫停,103,103,event.pause,true,true,,,暫停 || 暫庭 || 停 || 暫 || 不暫停,
speechTranscriber,zh-Hant-TW-pause-number,暫停 一下,111,111,event.pause,true,true,,,暫停 一下 || 一下 || 以下 || 下 || 一,
speechTranscriber,zh-Hant-TW-game-end,結束,101,101,event.game_end,true,true,,,結束 || 束 || 結 || 結結束,success | 結束 | action=比赛结束 | 原文: 結束 | 拼音: jie shu | SpeechTranscriber拼音命令
speechTranscriber,zh-Hant-TW-game-end-number,比賽 結束,112,112,event.game_end,true,true,,,比賽 結束 || 結束 || 結,success | 比賽結束 | action=比赛结束 | 原文: 比賽結束 | 拼音: bi sai jie shu | SpeechTranscriber拼音命令
speechTranscriber,zh-Hant-TW-undo,撤銷,106,106,event.undo,true,true,,,撤銷 || 撤消 || 撤 || 撤香 || 銷,
speechTranscriber,zh-Hant-TW-undo-number,撤銷上 一 條,126,126,event.undo,true,true,,,撤銷上 一 條 || 條 || 調,
speechTranscriber,zh-Hant-TW-redo,重做,107,107,event.redo,true,true,,,重做 || 重坐 || 重作 || 重 || 做,
speechTranscriber,zh-Hant-TW-redo-number,從 坐 上一條,137,137,,true,true,,,從 坐 上一條 || 上一條,failure | 從坐上一條 | 原文: 從坐上一條 | 拼音: cong zuo shang yi tiao | ❌ 全文无匹配: 從坐上一條 | 拼音: cong zuo shang yi tiao
speechTranscriber,zh-Hant-TW-substitution,張 三 換 人李四,151,158,event.substitution,true,true,,,張 三 換 人李四 || 人李四,success | 張三換人李四 | action=换人 | player=張三→李四 | 原文: 張三換人李四 | 拼音: zhang san huan ren li si
speechTranscriber,zh-Hant-TW-substitution-number,1 號 換 人 2 號,133,134,event.substitution,true,true,,,1 號 換 人 2 號 || 號,success | 1 號換人 2 號 | action=换人 | player=張三→李四 | 原文: 1 號換人 2 號 | 拼音: 1 hao huan ren 2 hao
speechTranscriber,en-two-made,James Carter God 2.,306,307,stat.twoMade,true,true,,,James Carter God 2. ||  2. ||  2 ||  II.,"success | James Carter God 2 | action=2分命中 | player=James Carter | 原文: James Carter God 2 | 拼音: james carter god 2 | 🔍 找到关键词「2」 | 左侧原文: James Carter God | 右侧原文: 空 | 🔍 关键词: stat.two | 右侧状态=空 → 默认命中(得分=0.00) | 球员匹配: 左侧球员[James Carter(直配1.0), Emily Stone(拼音=emily stone vs james carter god=0.14), Michael Brown(拼音=michael brown vs james carter god=0.32), Olivia Davis(拼音=olivia davis vs james carter god=0.14), Liam Wilson(拼音=liam wilson vs james carter god=0.21), Sophia Taylor(拼音=sophia taylor vs james carter god=0.24), Noah Anderson(拼音=noah anderson vs james carter god=0.44), Ava Martin(拼音=ava martin vs james carter god=0.25), Zhang San(拼音=zhang san vs james carter god=0.11), Ethan Lee(拼音=ethan lee vs james carter god=0.21), Grace Wang(拼音=grace wang vs james carter god=0.10), Juan Garcia(拼音=juan garcia vs james carter god=0.21)]"
speechTranscriber,en-two-made-number,Number one got two.,89,89,stat.twoMade,true,true,,,Number one got two. ||  two. ||  to. ||  too. ||  who.,success | Number one got two | action=2分命中 | player=James Carter | 原文: Number one got two | 拼音: number one got two | 提取号码前缀: 1 | 剩余文本: got two | 锚点匹配: 锚点=got(命中) | 关键词=two | 号码1直配
speechTranscriber,en-two-missed,Emily Stone missed two.,93,93,stat.twoMissed,true,true,,,Emily Stone missed two. ||  two. ||  2. ||  2,"success | Emily Stone missed two | action=2分不中 | player=Emily Stone | 原文: Emily Stone missed two | 拼音: emily stone missed two | 锚点匹配: 锚点=missed(未中) | 关键词=two | 锚点左侧球员[James Carter(拼音=james carter vs emily stone=0.17), Emily Stone(直配1.0), Michael Brown(拼音=michael brown vs emily stone=0.05), Olivia Davis(拼音=olivia davis vs emily stone=0.30), Liam Wilson(拼音=liam wilson vs emily stone=0.03), Sophia Taylor(拼音=sophia taylor vs emily stone=0.12), Noah Anderson(拼音=noah anderson vs emily stone=0.13), Ava Martin(拼音=ava martin vs emily stone=0.27), Zhang San(拼音=zhang san vs emily stone=0.19), Ethan Lee(拼音=ethan lee vs emily stone=0.19), Grace Wang(拼音=grace wang vs emily stone=0.15), Juan Garcia(拼音=juan garcia vs emily stone=0.13)]"
speechTranscriber,en-two-missed-number,Number 2 Miss 2.,94,94,stat.twoMissed,true,true,,,Number 2 Miss 2. ||  2.,success | Number 2 Miss 2 | action=2分不中 | player=Emily Stone | 原文: Number 2 Miss 2 | 拼音: number 2 miss 2 | 提取号码前缀: 2 | 剩余文本: Miss 2 | 锚点匹配: 锚点=miss(未中) | 关键词=2 | 号码2直配
speechTranscriber,en-three-made,Michael Brown dot 3.,96,96,stat.threeMade,true,true,,,Michael Brown dot 3. ||  Brown dot 3. ||  Brown.3. ||  Brown. 3. ||  brown.3.,"success | Michael Brown dot 3 | action=3分命中 | player=Michael Brown | 原文: Michael Brown dot 3 | 拼音: michael brown dot 3 | 🔍 找到关键词「3」 | 左侧原文: Michael Brown dot | 右侧原文: 空 | 🔍 关键词: stat.three | 右侧状态=空 → 默认命中(得分=0.00) | 球员匹配: 左侧球员[James Carter(拼音=james carter vs michael brown dot=0.13), Emily Stone(拼音=emily stone vs michael brown dot=0.17), Michael Brown(直配1.0), Olivia Davis(拼音=olivia davis vs michael brown dot=0.07), Liam Wilson(拼音=liam wilson vs michael brown dot=0.17), Sophia Taylor(拼音=sophia taylor vs michael brown dot=0.13), Noah Anderson(拼音=noah anderson vs michael brown dot=0.31), Ava Martin(拼音=ava martin vs michael brown dot=0.16), Zhang San(拼音=zhang san vs michael brown dot=0.18), Ethan Lee(拼音=ethan lee vs michael brown dot=0.23), Grace Wang(拼音=grace wang vs michael brown dot=0.14), Juan Garcia(拼音=juan garcia vs michael brown dot=0.13)]"
speechTranscriber,en-three-made-number,Number 3 got three.,110,110,stat.threeMade,true,true,,,Number 3 got three. ||  three. ||  3.,success | Number 3 got three | action=3分命中 | player=Michael Brown | 原文: Number 3 got three | 拼音: number 3 got three | 提取号码前缀: 3 | 剩余文本: got three | 锚点匹配: 锚点=got(命中) | 关键词=three | 号码3直配
speechTranscriber,en-three-missed,Olivia Davis missed three.,110,110,stat.threeMissed,true,true,,,Olivia Davis missed three. ||  three. ||  3. ||  three ||  3,"success | Olivia Davis missed three | action=3分不中 | player=Olivia Davis | 原文: Olivia Davis missed three | 拼音: olivia davis missed three | 锚点匹配: 锚点=missed(未中) | 关键词=three | 锚点左侧球员[James Carter(拼音=james carter vs olivia davis=0.05), Emily Stone(拼音=emily stone vs olivia davis=0.30), Michael Brown(拼音=michael brown vs olivia davis=0.09), Olivia Davis(直配1.0), Liam Wilson(拼音=liam wilson vs olivia davis=0.18), Sophia Taylor(拼音=sophia taylor vs olivia davis=0.31), Noah Anderson(拼音=noah anderson vs olivia davis=0.17), Ava Martin(拼音=ava martin vs olivia davis=0.24), Zhang San(拼音=zhang san vs olivia davis=0.16), Ethan Lee(拼音=ethan lee vs olivia davis=0.23), Grace Wang(拼音=grace wang vs olivia davis=0.13), Juan Garcia(拼音=juan garcia vs olivia davis=0.15)]"
speechTranscriber,en-three-missed-number,Number 4 is three.,125,125,stat.threeMade,true,true,,,Number 4 is three. ||  three. ||  3.,success | Number 4 is three | action=3分命中 | player=Olivia Davis | 原文: Number 4 is three | 拼音: number 4 is three | 提取号码前缀: 4 | 剩余文本: is three | 🔍 找到关键词「three」 | 左侧原文: is | 右侧原文: 空 | 🔍 关键词: stat.three | 右侧状态=空 → 默认命中(得分=0.00) | 球员匹配: 号码4直配
speechTranscriber,en-bonus-made,Liam Wilson got N1.,126,126,stat.bonusMade,true,true,,,Liam Wilson got N1. ||  N1. ||  N one. ||  in one. ||  N1,"success | Liam Wilson got and one | action=加罚命中 | player=Liam Wilson | 原文: Liam Wilson got and one | 拼音: liam wilson got and one | 锚点匹配: 锚点=got(命中) | 关键词=and one | 锚点左侧球员[James Carter(拼音=james carter vs liam wilson=0.03), Emily Stone(拼音=emily stone vs liam wilson=0.03), Michael Brown(拼音=michael brown vs liam wilson=0.21), Olivia Davis(拼音=olivia davis vs liam wilson=0.09), Liam Wilson(直配1.0), Sophia Taylor(拼音=sophia taylor vs liam wilson=0.07), Noah Anderson(拼音=noah anderson vs liam wilson=0.17), Ava Martin(拼音=ava martin vs liam wilson=0.20), Zhang San(拼音=zhang san vs liam wilson=0.25), Ethan Lee(拼音=ethan lee vs liam wilson=0.21), Grace Wang(拼音=grace wang vs liam wilson=0.10), Juan Garcia(拼音=juan garcia vs liam wilson=0.24)]"
speechTranscriber,en-bonus-made-number,Number 5 got one.,129,129,stat.bonusMade,true,true,,,"Number 5 got one. ||  5 got one. ||  5 got and one. ||  5 gotten one. ||  5 got in one. ||  5, got one.",success | Number 5 got and one | action=加罚命中 | player=Liam Wilson | 原文: Number 5 got and one | 拼音: number 5 got and one | 提取号码前缀: 5 | 剩余文本: got and one | 锚点匹配: 锚点=got(命中) | 关键词=and one | 号码5直配
speechTranscriber,en-bonus-missed,Sophia Taylor missed and won.,135,135,stat.bonusMissed,true,true,,,Sophia Taylor missed and won. ||  won. ||  one.,"success | Sophia Taylor missed and one | action=加罚不中 | player=Sophia Taylor | 原文: Sophia Taylor missed and one | 拼音: sophia taylor missed and one | 锚点匹配: 锚点=missed(未中) | 关键词=and one | 锚点左侧球员[James Carter(拼音=james carter vs sophia taylor=0.26), Emily Stone(拼音=emily stone vs sophia taylor=0.15), Michael Brown(拼音=michael brown vs sophia taylor=0.14), Olivia Davis(拼音=olivia davis vs sophia taylor=0.31), Liam Wilson(拼音=liam wilson vs sophia taylor=0.13), Sophia Taylor(直配1.0), Noah Anderson(拼音=noah anderson vs sophia taylor=0.37), Ava Martin(拼音=ava martin vs sophia taylor=0.18), Zhang San(拼音=zhang san vs sophia taylor=0.16), Ethan Lee(拼音=ethan lee vs sophia taylor=0.26), Grace Wang(拼音=grace wang vs sophia taylor=0.12), Juan Garcia(拼音=juan garcia vs sophia taylor=0.13)]"
speechTranscriber,en-bonus-missed-number,"Number 6, Mr. One.",129,129,,false,true,,,"Number 6, Mr. One. ||  One. ||  one.",failure | Number 6 Mr One | 原文: Number 6 Mr One | 拼音: number 6 mr one | 提取号码前缀: 6 | 剩余文本: Mr One | ❌ 全文无匹配: miss One | 拼音: number 6 mr one
speechTranscriber,en-free-throw-made,No Anderson got free throw.,128,129,stat.freeThrowMade,true,true,,,No Anderson got free throw. ||  throw. ||  throw,"success | No Anderson got free throw | action=罚篮命中 | player=Noah Anderson | 原文: No Anderson got free throw | 拼音: no anderson got free throw | 🔍 找到关键词「free throw」 | 左侧原文: No Anderson got | 右侧原文: 空 | 🔍 关键词: stat.freeThrow | 右侧状态=got → 命中(得分=1.00) | 球员匹配: 左侧球员[James Carter(拼音=james carter vs no anderson=0.05), Emily Stone(拼音=emily stone vs no anderson=0.09), Michael Brown(拼音=michael brown vs no anderson=0.11), Olivia Davis(拼音=olivia davis vs no anderson=0.06), Liam Wilson(拼音=liam wilson vs no anderson=0.54), Sophia Taylor(拼音=sophia taylor vs no anderson=0.17), Noah Anderson(唯一姓名词匹配0.92), Ava Martin(拼音=ava martin vs no anderson=0.29), Zhang San(拼音=zhang san vs no anderson=0.25), Ethan Lee(拼音=ethan lee vs no anderson=0.18), Grace Wang(拼音=grace wang vs no anderson=0.10), Juan Garcia(拼音=juan garcia vs no anderson=0.45)]"
speechTranscriber,en-free-throw-made-number,Number 7 got free throw.,130,130,stat.freeThrowMade,true,true,,,"Number 7 got free throw. ||  free throw. ||  free and so. ||  free, so. ||  free and low. ||  free, so..",success | Number 7 got free throw | action=罚篮命中 | player=Noah Anderson | 原文: Number 7 got free throw | 拼音: number 7 got free throw | 提取号码前缀: 7 | 剩余文本: got free throw | 锚点匹配: 锚点=got(命中) | 关键词=free throw | 号码7直配
speechTranscriber,en-free-throw-missed,David Martin missed free throw.,129,129,stat.freeThrowMissed,true,true,,,David Martin missed free throw. ||  free throw.,"success | David Martin missed free throw | action=罚篮不中 | player=Ava Martin | 原文: David Martin missed free throw | 拼音: david martin missed free throw | 锚点匹配: 锚点=missed(未中) | 关键词=free throw | 锚点左侧球员[James Carter(拼音=james carter vs david martin=0.45), Emily Stone(拼音=emily stone vs david martin=0.16), Michael Brown(拼音=michael brown vs david martin=0.02), Olivia Davis(拼音=olivia davis vs david martin=0.09), Liam Wilson(拼音=liam wilson vs david martin=0.15), Sophia Taylor(拼音=sophia taylor vs david martin=0.04), Noah Anderson(拼音=noah anderson vs david martin=0.11), Ava Martin(唯一姓名词匹配0.92), Zhang San(拼音=zhang san vs david martin=0.12), Ethan Lee(拼音=ethan lee vs david martin=0.25), Grace Wang(拼音=grace wang vs david martin=0.09), Juan Garcia(拼音=juan garcia vs david martin=0.35)]"
speechTranscriber,en-free-throw-missed-number,Number 8 missed free throw.,122,122,stat.freeThrowMissed,true,true,,,Number 8 missed free throw. ||  throw. ||  throw,success | Number 8 missed free throw | action=罚篮不中 | player=Ava Martin | 原文: Number 8 missed free throw | 拼音: number 8 missed free throw | 提取号码前缀: 8 | 剩余文本: missed free throw | 锚点匹配: 锚点=missed(未中) | 关键词=free throw | 号码8直配
speechTranscriber,en-layup-made,Jongzan god layup.,119,119,,false,true,,,Jongzan god layup. ||  layup. ||  layoff. ||  Layup.,failure | Jongzan god layup | action=stat.layupMade | 原文: Jongzan god layup | 拼音: jongzan god layup | 🔍 找到关键词「layup」 | 左侧原文: Jongzan god | 右侧原文: 空 | 🔍 关键词: stat.layup | 右侧状态=空 → 默认命中(得分=0.00) | ❌ 未匹配到球员 | 左侧文本: Jongzan god | 拼音: jongzan god layup || failure | Jongzan god layup | action=stat.layup | 🔍 找到关键词「lay up」 | 左侧原文: Jongzan god | 右侧原文: 空 || failure | Jongzan god layup | action=stat.layupMade | 🔍 关键词: stat.layup | 右侧状态=空 → 默认命中(得分=0.00) || failure | Jongzan god layup | action=stat.layupMade | ❌ 未匹配到球员 | 左侧文本: Jongzan god | 拼音: jongzan god layup || failure | Jongzan god layup | action=stat.layup | 🔍 拼音回退: 关键词pinyin=layup | 左侧拼音: jongzan god | 右侧拼音: 空 || failure | Jongzan god layup | action=stat.layupMade | ❌ 拼音回退: 未匹配到球员 | 左侧拼音: jongzan god
speechTranscriber,en-layup-made-number,Number 9 got lay up.,126,126,stat.layupMade,true,true,,,Number 9 got lay up. ||  lay up. ||  layup. ||  laid up. ||  laid.,success | Number 9 got lay up | action=上篮命中 | player=Zhang San | 原文: Number 9 got lay up | 拼音: number 9 got lay up | 提取号码前缀: 9 | 剩余文本: got lay up | 锚点匹配: 锚点=got(命中) | 关键词=lay up | 号码9直配
speechTranscriber,en-layup-missed,Ethan Lee missed layoff.,111,111,stat.layupMissed,true,true,,,Ethan Lee missed layoff. ||  layoff. ||  lay off. ||  Layoff.,"success | Ethan Lee missed layup | action=上篮未中 | player=Ethan Lee | 原文: Ethan Lee missed layup | 拼音: ethan lee missed layup | 锚点匹配: 锚点=missed(未中) | 关键词=layup | 锚点左侧球员[James Carter(拼音=james carter vs ethan lee=0.07), Emily Stone(拼音=emily stone vs ethan lee=0.16), Michael Brown(拼音=michael brown vs ethan lee=0.00), Olivia Davis(拼音=olivia davis vs ethan lee=0.09), Liam Wilson(拼音=liam wilson vs ethan lee=0.00), Sophia Taylor(拼音=sophia taylor vs ethan lee=0.03), Noah Anderson(拼音=noah anderson vs ethan lee=0.13), Ava Martin(拼音=ava martin vs ethan lee=0.10), Zhang San(拼音=zhang san vs ethan lee=0.05), Ethan Lee(直配1.0), Grace Wang(拼音=grace wang vs ethan lee=0.04), Juan Garcia(拼音=juan garcia vs ethan lee=0.00)]"
speechTranscriber,en-layup-missed-number,Number 10 Miss Layup.,125,125,stat.layupMissed,true,true,,,Number 10 Miss Layup. ||  Layup. ||  layup. ||  Lay up.,success | Number 10 Miss Layup | action=上篮未中 | player=Ethan Lee | 原文: Number 10 Miss Layup | 拼音: number 10 miss layup | 提取号码前缀: 10 | 剩余文本: Miss Layup | 锚点匹配: 锚点=miss(未中) | 关键词=layup | 号码10直配
speechTranscriber,en-mid-range-made,Grace won Godmid Range.,127,127,stat.midRangeMissed,true,true,,,Grace won Godmid Range. ||  Range. ||  range.,"success | Grace won Godmid Range | action=中投未中 | player=Grace Wang | 原文: Grace won Godmid Range | 拼音: grace won godmid range | 🔍 找到关键词「mid」 | 左侧原文: Grace won God | 右侧原文: Range | 🔍 关键词: stat.midRange | 右侧状态=Range → 未中(得分=0.20) | 球员匹配: 左侧球员[James Carter(拼音=james carter vs grace won god=0.10), Emily Stone(拼音=emily stone vs grace won god=0.08), Michael Brown(拼音=michael brown vs grace won god=0.12), Olivia Davis(拼音=olivia davis vs grace won god=0.07), Liam Wilson(拼音=liam wilson vs grace won god=0.31), Sophia Taylor(拼音=sophia taylor vs grace won god=0.04), Noah Anderson(拼音=noah anderson vs grace won god=0.12), Ava Martin(拼音=ava martin vs grace won god=0.22), Zhang San(拼音=zhang san vs grace won god=0.23), Ethan Lee(拼音=ethan lee vs grace won god=0.19), Grace Wang(唯一姓名词匹配0.92), Juan Garcia(拼音=juan garcia vs grace won god=0.14)]"
speechTranscriber,en-mid-range-made-number,Number 11 got midrange.,130,130,stat.midRangeMade,true,true,,,Number 11 got midrange. ||  midrange. ||  mid range. ||  mid-range. ||  mid-range,success | Number 11 got midrange | action=中投命中 | player=Grace Wang | 原文: Number 11 got midrange | 拼音: number 11 got midrange | 提取号码前缀: 11 | 剩余文本: got midrange | 锚点匹配: 锚点=got(命中) | 关键词=mid | 号码11直配
speechTranscriber,en-mid-range-missed,Juan Garcia missed midrange.,134,134,stat.midRangeMissed,true,true,,,Juan Garcia missed midrange. ||  midrange. ||  mid range. ||  mid-range.,"success | Juan Garcia missed midrange | action=中投未中 | player=Juan Garcia | 原文: Juan Garcia missed midrange | 拼音: juan garcia missed midrange | 锚点匹配: 锚点=missed(未中) | 关键词=mid | 锚点左侧球员[James Carter(拼音=james carter vs juan garcia=0.15), Emily Stone(拼音=emily stone vs juan garcia=0.13), Michael Brown(拼音=michael brown vs juan garcia=0.10), Olivia Davis(拼音=olivia davis vs juan garcia=0.15), Liam Wilson(拼音=liam wilson vs juan garcia=0.24), Sophia Taylor(拼音=sophia taylor vs juan garcia=0.13), Noah Anderson(拼音=noah anderson vs juan garcia=0.13), Ava Martin(拼音=ava martin vs juan garcia=0.32), Zhang San(拼音=zhang san vs juan garcia=0.30), Ethan Lee(拼音=ethan lee vs juan garcia=0.27), Grace Wang(拼音=grace wang vs juan garcia=0.10), Juan Garcia(直配1.0)]"
speechTranscriber,en-mid-range-missed-number,Number 12 mid-range.,135,135,stat.midRangeMissed,true,true,,,Number 12 mid-range. ||  mid-range. ||  miss midrange. ||  miss mid range. ||  miss mid-range,success | Number 12 mid-range | action=中投未中 | player=Juan Garcia | 原文: Number 12 mid-range | 拼音: number 12 mid-range | 提取号码前缀: 12 | 剩余文本: mid-range | 🔍 找到关键词「mid」 | 左侧原文: 空 | 右侧原文: -range | 🔍 关键词: stat.midRange | 右侧状态=-range → 未中(得分=0.17) | 球员匹配: 号码12直配
speechTranscriber,en-paint-made,James Carter got pained.,150,150,stat.paintMade,true,true,,,James Carter got pained. ||  pained. ||  Pained. ||  painted.,"success | James Carter got paint | action=篮下命中 | player=James Carter | 原文: James Carter got paint | 拼音: james carter got paint | 锚点匹配: 锚点=got(命中) | 关键词=paint | 锚点左侧球员[James Carter(直配1.0), Emily Stone(拼音=emily stone vs james carter=0.17), Michael Brown(拼音=michael brown vs james carter=0.07), Olivia Davis(拼音=olivia davis vs james carter=0.05), Liam Wilson(拼音=liam wilson vs james carter=0.12), Sophia Taylor(拼音=sophia taylor vs james carter=0.04), Noah Anderson(拼音=noah anderson vs james carter=0.04), Ava Martin(拼音=ava martin vs james carter=0.32), Zhang San(拼音=zhang san vs james carter=0.14), Ethan Lee(拼音=ethan lee vs james carter=0.27), Grace Wang(拼音=grace wang vs james carter=0.13), Juan Garcia(拼音=juan garcia vs james carter=0.26)]"
speechTranscriber,en-paint-made-number,Number one got paid.,156,157,stat.paintMade,true,true,,,"Number one got paid. ||  one got paid. ||  one got paint. ||  one God's Pains. ||  one God's pain. ||  one, God's pain.",success | Number one got paint | action=篮下命中 | player=James Carter | 原文: Number one got paint | 拼音: number one got paint | 提取号码前缀: 1 | 剩余文本: got paint | 锚点匹配: 锚点=got(命中) | 关键词=paint | 号码1直配
speechTranscriber,en-paint-missed,Emily Stone missed Paint.,169,169,stat.paintMissed,true,true,,,Emily Stone missed Paint. ||  missed Paint. ||  missed paint. ||  Mist Paint. ||  missed pain. ||  Mist Paint,"success | Emily Stone missed Paint | action=篮下未中 | player=Emily Stone | 原文: Emily Stone missed Paint | 拼音: emily stone missed paint | 锚点匹配: 锚点=missed(未中) | 关键词=paint | 锚点左侧球员[James Carter(拼音=james carter vs emily stone=0.17), Emily Stone(直配1.0), Michael Brown(拼音=michael brown vs emily stone=0.05), Olivia Davis(拼音=olivia davis vs emily stone=0.30), Liam Wilson(拼音=liam wilson vs emily stone=0.03), Sophia Taylor(拼音=sophia taylor vs emily stone=0.12), Noah Anderson(拼音=noah anderson vs emily stone=0.13), Ava Martin(拼音=ava martin vs emily stone=0.27), Zhang San(拼音=zhang san vs emily stone=0.19), Ethan Lee(拼音=ethan lee vs emily stone=0.19), Grace Wang(拼音=grace wang vs emily stone=0.15), Juan Garcia(拼音=juan garcia vs emily stone=0.13)]"
speechTranscriber,en-paint-missed-number,Number 2 mispaid.,148,148,stat.paintMissed,true,true,,,Number 2 mispaid. ||  mispaid. ||  missed paid. ||  miss paid. ||  misspaid.,success | Number 2 missed paint | action=篮下未中 | player=Emily Stone | 原文: Number 2 missed paint | 拼音: number 2 missed paint | 提取号码前缀: 2 | 剩余文本: missed paint | 锚点匹配: 锚点=missed(未中) | 关键词=paint | 号码2直配
speechTranscriber,en-putback-made,Michael Brown got pot back.,146,146,stat.putbackMade,true,true,,,Michael Brown got pot back. ||  back. ||  back,"success | Michael Brown got putback | action=补篮命中 | player=Michael Brown | 原文: Michael Brown got putback | 拼音: michael brown got putback | 锚点匹配: 锚点=got(命中) | 关键词=putback | 锚点左侧球员[James Carter(拼音=james carter vs michael brown=0.12), Emily Stone(拼音=emily stone vs michael brown=0.11), Michael Brown(直配1.0), Olivia Davis(拼音=olivia davis vs michael brown=0.09), Liam Wilson(拼音=liam wilson vs michael brown=0.21), Sophia Taylor(拼音=sophia taylor vs michael brown=0.14), Noah Anderson(拼音=noah anderson vs michael brown=0.39), Ava Martin(拼音=ava martin vs michael brown=0.20), Zhang San(拼音=zhang san vs michael brown=0.23), Ethan Lee(拼音=ethan lee vs michael brown=0.29), Grace Wang(拼音=grace wang vs michael brown=0.08), Juan Garcia(拼音=juan garcia vs michael brown=0.17)]"
speechTranscriber,en-putback-made-number,Number 3 got put match.,153,153,stat.putbackMade,true,true,,,Number 3 got put match. ||  put match. ||  postmatch. ||  post match. ||  postmag.,success | Number 3 got putback | action=补篮命中 | player=Michael Brown | 原文: Number 3 got putback | 拼音: number 3 got putback | 提取号码前缀: 3 | 剩余文本: got putback | 锚点匹配: 锚点=got(命中) | 关键词=putback | 号码3直配
speechTranscriber,en-putback-missed,Olivia Davis missed pot back.,142,142,stat.putbackMissed,true,true,,,Olivia Davis missed pot back. ||  pot back. ||  potback. ||  put back. ||  Podback. ||  Pod Back.,"success | Olivia Davis missed putback | action=补篮未中 | player=Olivia Davis | 原文: Olivia Davis missed putback | 拼音: olivia davis missed putback | 锚点匹配: 锚点=missed(未中) | 关键词=putback | 锚点左侧球员[James Carter(拼音=james carter vs olivia davis=0.05), Emily Stone(拼音=emily stone vs olivia davis=0.30), Michael Brown(拼音=michael brown vs olivia davis=0.09), Olivia Davis(直配1.0), Liam Wilson(拼音=liam wilson vs olivia davis=0.18), Sophia Taylor(拼音=sophia taylor vs olivia davis=0.31), Noah Anderson(拼音=noah anderson vs olivia davis=0.17), Ava Martin(拼音=ava martin vs olivia davis=0.24), Zhang San(拼音=zhang san vs olivia davis=0.16), Ethan Lee(拼音=ethan lee vs olivia davis=0.23), Grace Wang(拼音=grace wang vs olivia davis=0.13), Juan Garcia(拼音=juan garcia vs olivia davis=0.15)]"
speechTranscriber,en-putback-missed-number,Number 4 Ms. Pushback.,138,138,stat.putbackMade,true,true,,,"Number 4 Ms. Pushback. ||  4 Ms. Pushback. ||  4 Ms. Postback. ||  4 Ms. Postmag. ||  four, Miss. ||  4, Miss.",success | Number 4 Ms putback | action=补篮命中 | player=Olivia Davis | 原文: Number 4 Ms putback | 拼音: number 4 ms putback | 提取号码前缀: 4 | 剩余文本: Ms putback | 🔍 找到关键词「putback」 | 左侧原文: Ms | 右侧原文: 空 | 🔍 关键词: stat.putback | 右侧状态=空 → 默认命中(得分=0.00) | 球员匹配: 号码4直配
speechTranscriber,en-dunk-made,Liam Wilson got Dong.,130,130,stat.dunkMade,true,true,,,Liam Wilson got Dong. ||  Dong. ||  dong. ||  dong,"success | Liam Wilson got dunk | action=扣篮命中 | player=Liam Wilson | 原文: Liam Wilson got dunk | 拼音: liam wilson got dunk | 锚点匹配: 锚点=got(命中) | 关键词=dunk | 锚点左侧球员[James Carter(拼音=james carter vs liam wilson=0.03), Emily Stone(拼音=emily stone vs liam wilson=0.03), Michael Brown(拼音=michael brown vs liam wilson=0.21), Olivia Davis(拼音=olivia davis vs liam wilson=0.09), Liam Wilson(直配1.0), Sophia Taylor(拼音=sophia taylor vs liam wilson=0.07), Noah Anderson(拼音=noah anderson vs liam wilson=0.17), Ava Martin(拼音=ava martin vs liam wilson=0.20), Zhang San(拼音=zhang san vs liam wilson=0.25), Ethan Lee(拼音=ethan lee vs liam wilson=0.21), Grace Wang(拼音=grace wang vs liam wilson=0.10), Juan Garcia(拼音=juan garcia vs liam wilson=0.24)]"
speechTranscriber,en-dunk-made-number,Number 5 got done.,125,125,,false,true,,,Number 5 got done. ||  done. ||  sunk. ||  sun. ||  sung.,failure | Number 5 got done | 原文: Number 5 got done | 拼音: number 5 got done | 提取号码前缀: 5 | 剩余文本: got done | ❌ 全文无匹配: got done | 拼音: number 5 got done
speechTranscriber,en-dunk-missed,Sophia Taylor Miss Dong.,125,125,stat.dunkMissed,true,true,,,Sophia Taylor Miss Dong. ||  Dong. ||  Dung.,"success | Sophia Taylor Miss dunk | action=扣篮未中 | player=Sophia Taylor | 原文: Sophia Taylor Miss dunk | 拼音: sophia taylor miss dunk | 锚点匹配: 锚点=miss(未中) | 关键词=dunk | 锚点左侧球员[James Carter(拼音=james carter vs sophia taylor=0.26), Emily Stone(拼音=emily stone vs sophia taylor=0.15), Michael Brown(拼音=michael brown vs sophia taylor=0.14), Olivia Davis(拼音=olivia davis vs sophia taylor=0.31), Liam Wilson(拼音=liam wilson vs sophia taylor=0.13), Sophia Taylor(直配1.0), Noah Anderson(拼音=noah anderson vs sophia taylor=0.37), Ava Martin(拼音=ava martin vs sophia taylor=0.18), Zhang San(拼音=zhang san vs sophia taylor=0.16), Ethan Lee(拼音=ethan lee vs sophia taylor=0.26), Grace Wang(拼音=grace wang vs sophia taylor=0.12), Juan Garcia(拼音=juan garcia vs sophia taylor=0.13)]"
speechTranscriber,en-dunk-missed-number,"Number 6, Miss Sun.",121,121,stat.dunkMissed,true,true,,,"Number 6, Miss Sun. ||  Sun. ||  Sunk.",success | Number 6 missed dunk | action=扣篮未中 | player=Sophia Taylor | 原文: Number 6 missed dunk | 拼音: number 6 missed dunk | 提取号码前缀: 6 | 剩余文本: missed dunk | 锚点匹配: 锚点=missed(未中) | 关键词=dunk | 号码6直配
speechTranscriber,en-foul,No Anderson foul.,118,118,stat.foul,true,true,,,No Anderson foul. ||  foul. ||  fell. ||  fowl. ||  Fowl.,"success | No Anderson foul | action=犯规 | player=Noah Anderson | 原文: No Anderson foul | 拼音: no anderson foul | 🔍 找到关键词「foul」 | 左侧原文: No Anderson | 右侧原文: 空 | 球员匹配: 左侧球员[James Carter(拼音=james carter vs no anderson=0.05), Emily Stone(拼音=emily stone vs no anderson=0.09), Michael Brown(拼音=michael brown vs no anderson=0.11), Olivia Davis(拼音=olivia davis vs no anderson=0.06), Liam Wilson(拼音=liam wilson vs no anderson=0.54), Sophia Taylor(拼音=sophia taylor vs no anderson=0.17), Noah Anderson(唯一姓名词匹配0.92), Ava Martin(拼音=ava martin vs no anderson=0.29), Zhang San(拼音=zhang san vs no anderson=0.25), Ethan Lee(拼音=ethan lee vs no anderson=0.18), Grace Wang(拼音=grace wang vs no anderson=0.10), Juan Garcia(拼音=juan garcia vs no anderson=0.45)]"
speechTranscriber,en-foul-number,Number 7 foul.,118,118,stat.foul,true,true,,,"Number 7 foul. ||  7 foul. ||  seven foul. ||  7 Foul. ||  7 foul ||  7, foul.",success | Number 7 foul | action=犯规 | player=Noah Anderson | 原文: Number 7 foul | 拼音: number 7 foul | 提取号码前缀: 7 | 剩余文本: foul | 🔍 找到关键词「foul」 | 左侧原文: 空 | 右侧原文: 空 | 球员匹配: 号码7直配
speechTranscriber,en-rebound,Ava Martin Rebound.,119,119,stat.rebound,true,true,,,Ava Martin Rebound. ||  Rebound. ||  rebound.,"success | Ava Martin Rebound | action=篮板 | player=Ava Martin | 原文: Ava Martin Rebound | 拼音: ava martin rebound | 🔍 找到关键词「rebound」 | 左侧原文: Ava Martin | 右侧原文: 空 | 球员匹配: 左侧球员[James Carter(拼音=james carter vs ava martin=0.04), Emily Stone(拼音=emily stone vs ava martin=0.27), Michael Brown(拼音=michael brown vs ava martin=0.08), Olivia Davis(拼音=olivia davis vs ava martin=0.19), Liam Wilson(拼音=liam wilson vs ava martin=0.20), Sophia Taylor(拼音=sophia taylor vs ava martin=0.13), Noah Anderson(拼音=noah anderson vs ava martin=0.27), Ava Martin(直配1.0), Zhang San(拼音=zhang san vs ava martin=0.14), Ethan Lee(拼音=ethan lee vs ava martin=0.17), Grace Wang(拼音=grace wang vs ava martin=0.16), Juan Garcia(拼音=juan garcia vs ava martin=0.13)]"
speechTranscriber,en-rebound-number,Number 8 rebound.,114,114,stat.rebound,true,true,,,"Number 8 rebound. ||  8 rebound. ||  eight rebound. ||  8 rebounds. ||  8 remound. ||  8, rebound.",success | Number 8 rebound | action=篮板 | player=Ava Martin | 原文: Number 8 rebound | 拼音: number 8 rebound | 提取号码前缀: 8 | 剩余文本: rebound | 🔍 找到关键词「rebound」 | 左侧原文: 空 | 右侧原文: 空 | 球员匹配: 号码8直配
speechTranscriber,en-offensive-rebound,Jong San Offensive Rebound.,136,136,stat.offensiveRebound,true,true,,,Jong San Offensive Rebound. ||  Rebound. ||  rebound.,"success | Jong San Offensive Rebound | action=前场板 | player=Zhang San | 原文: Jong San Offensive Rebound | 拼音: jong san offensive rebound | 🔍 找到关键词「offensive rebound」 | 左侧原文: Jong San | 右侧原文: 空 | 球员匹配: 左侧球员[James Carter(拼音=james carter vs jong san=0.25), Emily Stone(拼音=emily stone vs jong san=0.04), Michael Brown(拼音=michael brown vs jong san=0.08), Olivia Davis(拼音=olivia davis vs jong san=0.14), Liam Wilson(拼音=liam wilson vs jong san=0.09), Sophia Taylor(拼音=sophia taylor vs jong san=0.20), Noah Anderson(拼音=noah anderson vs jong san=0.12), Ava Martin(拼音=ava martin vs jong san=0.04), Zhang San(唯一姓名词匹配0.92), Ethan Lee(拼音=ethan lee vs jong san=0.00), Grace Wang(拼音=grace wang vs jong san=0.00), Juan Garcia(拼音=juan garcia vs jong san=0.26)]"
speechTranscriber,en-offensive-rebound-number,Number 9 offensive remount.,137,137,stat.offensiveRebound,true,true,,,Number 9 offensive remount. ||  remount. ||  remound. ||  Remound.,success | Number 9 offensive rebound | action=前场板 | player=Zhang San | 原文: Number 9 offensive rebound | 拼音: number 9 offensive rebound | 提取号码前缀: 9 | 剩余文本: offensive rebound | 🔍 找到关键词「offensive rebound」 | 左侧原文: 空 | 右侧原文: 空 | 球员匹配: 号码9直配
speechTranscriber,en-defensive-rebound,Ethan Lee Defensive Rebound.,139,140,stat.defensiveRebound,true,true,,,Ethan Lee Defensive Rebound. ||  Rebound. ||  rebound.,"success | Ethan Lee Defensive Rebound | action=后场板 | player=Ethan Lee | 原文: Ethan Lee Defensive Rebound | 拼音: ethan lee defensive rebound | 🔍 找到关键词「defensive rebound」 | 左侧原文: Ethan Lee | 右侧原文: 空 | 球员匹配: 左侧球员[James Carter(拼音=james carter vs ethan lee=0.07), Emily Stone(拼音=emily stone vs ethan lee=0.16), Michael Brown(拼音=michael brown vs ethan lee=0.00), Olivia Davis(拼音=olivia davis vs ethan lee=0.09), Liam Wilson(拼音=liam wilson vs ethan lee=0.00), Sophia Taylor(拼音=sophia taylor vs ethan lee=0.03), Noah Anderson(拼音=noah anderson vs ethan lee=0.13), Ava Martin(拼音=ava martin vs ethan lee=0.10), Zhang San(拼音=zhang san vs ethan lee=0.05), Ethan Lee(直配1.0), Grace Wang(拼音=grace wang vs ethan lee=0.04), Juan Garcia(拼音=juan garcia vs ethan lee=0.00)]"
speechTranscriber,en-defensive-rebound-number,Number 10 defensive rebound.,144,145,stat.defensiveRebound,true,true,,,Number 10 defensive rebound. ||  rebound. ||  remound. ||  remount. ||  rebound,success | Number 10 defensive rebound | action=后场板 | player=Ethan Lee | 原文: Number 10 defensive rebound | 拼音: number 10 defensive rebound | 提取号码前缀: 10 | 剩余文本: defensive rebound | 🔍 找到关键词「defensive rebound」 | 左侧原文: 空 | 右侧原文: 空 | 球员匹配: 号码10直配
speechTranscriber,en-assist,Grace Wang Assist.,118,118,stat.assist,true,true,,,Grace Wang Assist. ||  Assist. ||  assist.,"success | Grace Wang Assist | action=助攻 | player=Grace Wang | 原文: Grace Wang Assist | 拼音: grace wang assist | 🔍 找到关键词「assist」 | 左侧原文: Grace Wang | 右侧原文: 空 | 球员匹配: 左侧球员[James Carter(拼音=james carter vs grace wang=0.09), Emily Stone(拼音=emily stone vs grace wang=0.03), Michael Brown(拼音=michael brown vs grace wang=0.03), Olivia Davis(拼音=olivia davis vs grace wang=0.07), Liam Wilson(拼音=liam wilson vs grace wang=0.10), Sophia Taylor(拼音=sophia taylor vs grace wang=0.04), Noah Anderson(拼音=noah anderson vs grace wang=0.12), Ava Martin(拼音=ava martin vs grace wang=0.16), Zhang San(拼音=zhang san vs grace wang=0.33), Ethan Lee(拼音=ethan lee vs grace wang=0.04), Grace Wang(直配1.0), Juan Garcia(拼音=juan garcia vs grace wang=0.10)]"
speechTranscriber,en-assist-number,Number 11 assist.,126,126,stat.assist,true,true,,,Number 11 assist. ||  assist. ||  Assist. ||  assist,success | Number 11 assist | action=助攻 | player=Grace Wang | 原文: Number 11 assist | 拼音: number 11 assist | 提取号码前缀: 11 | 剩余文本: assist | 🔍 找到关键词「assist」 | 左侧原文: 空 | 右侧原文: 空 | 球员匹配: 号码11直配
speechTranscriber,en-block,Juan Garcia Block.,125,126,stat.block,true,true,,,Juan Garcia Block. ||  Block. ||  block. ||  Blog ||  Blog.,"success | Juan Garcia Block | action=封盖 | player=Juan Garcia | 原文: Juan Garcia Block | 拼音: juan garcia block | 🔍 找到关键词「block」 | 左侧原文: Juan Garcia | 右侧原文: 空 | 球员匹配: 左侧球员[James Carter(拼音=james carter vs juan garcia=0.15), Emily Stone(拼音=emily stone vs juan garcia=0.13), Michael Brown(拼音=michael brown vs juan garcia=0.10), Olivia Davis(拼音=olivia davis vs juan garcia=0.15), Liam Wilson(拼音=liam wilson vs juan garcia=0.24), Sophia Taylor(拼音=sophia taylor vs juan garcia=0.13), Noah Anderson(拼音=noah anderson vs juan garcia=0.13), Ava Martin(拼音=ava martin vs juan garcia=0.32), Zhang San(拼音=zhang san vs juan garcia=0.30), Ethan Lee(拼音=ethan lee vs juan garcia=0.27), Grace Wang(拼音=grace wang vs juan garcia=0.10), Juan Garcia(直配1.0)]"
speechTranscriber,en-block-number,Number 12 block.,126,126,stat.block,true,true,,,Number 12 block. ||  block. ||  blocks. ||  block? ||  blocks,success | Number 12 block | action=封盖 | player=Juan Garcia | 原文: Number 12 block | 拼音: number 12 block | 提取号码前缀: 12 | 剩余文本: block | 🔍 找到关键词「block」 | 左侧原文: 空 | 右侧原文: 空 | 球员匹配: 号码12直配
speechTranscriber,en-steal,James Carter Steele.,119,119,stat.steal,true,true,,,James Carter Steele. ||  Steele. ||  Steele ||  Steel.,"success | James Carter Steele | action=抢断 | player=James Carter | 原文: James Carter Steele | 拼音: james carter steele | 🔍 找到关键词「steel」 | 左侧原文: James Carter | 右侧原文: e | 球员匹配: 左侧球员[James Carter(直配1.0), Emily Stone(拼音=emily stone vs james carter=0.17), Michael Brown(拼音=michael brown vs james carter=0.07), Olivia Davis(拼音=olivia davis vs james carter=0.05), Liam Wilson(拼音=liam wilson vs james carter=0.12), Sophia Taylor(拼音=sophia taylor vs james carter=0.04), Noah Anderson(拼音=noah anderson vs james carter=0.04), Ava Martin(拼音=ava martin vs james carter=0.32), Zhang San(拼音=zhang san vs james carter=0.14), Ethan Lee(拼音=ethan lee vs james carter=0.27), Grace Wang(拼音=grace wang vs james carter=0.13), Juan Garcia(拼音=juan garcia vs james carter=0.26)]"
speechTranscriber,en-steal-number,Number one steal.,122,122,stat.steal,true,true,,,Number one steal. ||  steal. ||  steel. ||  steal,success | Number one steal | action=抢断 | player=James Carter | 原文: Number one steal | 拼音: number one steal | 提取号码前缀: 1 | 剩余文本: steal | 🔍 找到关键词「steal」 | 左侧原文: 空 | 右侧原文: 空 | 球员匹配: 号码1直配
speechTranscriber,en-turnover,Emily Stone Turnover.,118,118,stat.turnover,true,true,,,"Emily Stone Turnover. ||  Stone Turnover. ||  Stone turnover. ||  Stone Turnover ||  stone turnover. ||  Stone, Turnover","success | Emily Stone Turnover | action=失误 | player=Emily Stone | 原文: Emily Stone Turnover | 拼音: emily stone turnover | 🔍 找到关键词「turnover」 | 左侧原文: Emily Stone | 右侧原文: 空 | 球员匹配: 左侧球员[James Carter(拼音=james carter vs emily stone=0.17), Emily Stone(直配1.0), Michael Brown(拼音=michael brown vs emily stone=0.05), Olivia Davis(拼音=olivia davis vs emily stone=0.30), Liam Wilson(拼音=liam wilson vs emily stone=0.03), Sophia Taylor(拼音=sophia taylor vs emily stone=0.12), Noah Anderson(拼音=noah anderson vs emily stone=0.13), Ava Martin(拼音=ava martin vs emily stone=0.27), Zhang San(拼音=zhang san vs emily stone=0.19), Ethan Lee(拼音=ethan lee vs emily stone=0.19), Grace Wang(拼音=grace wang vs emily stone=0.15), Juan Garcia(拼音=juan garcia vs emily stone=0.13)]"
speechTranscriber,en-turnover-number,Number 2 turnover.,124,124,stat.turnover,true,true,,,"Number 2 turnover. ||  turnover. ||  turnover, ||  turnover",success | Number 2 turnover | action=失误 | player=Emily Stone | 原文: Number 2 turnover | 拼音: number 2 turnover | 提取号码前缀: 2 | 剩余文本: turnover | 🔍 找到关键词「turnover」 | 左侧原文: 空 | 右侧原文: 空 | 球员匹配: 号码2直配
speechTranscriber,en-assist-two,Michael Brown assist Olivia Davis too.,160,161,stat.assistTwoMade,true,true,,,"Michael Brown assist Olivia Davis too. ||  Davis too. ||  Davis 2. ||  Davis, too",success | Michael Brown assist Olivia Davis too | action=助攻 + 2分命中 | player=Michael Brown → Olivia Davis | 原文: Michael Brown assist Olivia Davis too | 拼音: michael brown assist olivia davis too | 🔍 找到关键词「assist」 | 左侧原文: Michael Brown | 右侧原文: Olivia Davis too | 双事件: Michael Brown助攻Olivia Davis2分命中
speechTranscriber,en-assist-two-number,Number 3 assist number 42.,158,158,stat.assist,true,false,,,Number 3 assist number 42. ||  42. ||  42,success | Number 3 assist number 42 | action=助攻 | player=Michael Brown | 原文: Number 3 assist number 42 | 拼音: number 3 assist number 42 | 提取号码前缀: 3 | 剩余文本: assist number 42 | 🔍 找到关键词「assist」 | 左侧原文: 空 | 右侧原文: number 42 | 球员匹配: 号码3直配
speechTranscriber,en-assist-three,Liam Wilson assists Sophia Taylor 3.,206,206,stat.assistThreeMade,true,true,,,Liam Wilson assists Sophia Taylor 3. ||  3. ||  3,success | Liam Wilson assists Sophia Taylor 3 | action=助攻 + 3分命中 | player=Liam Wilson → Sophia Taylor | 原文: Liam Wilson assists Sophia Taylor 3 | 拼音: liam wilson assists sophia taylor 3 | 🔍 找到关键词「assist」 | 左侧原文: Liam Wilson | 右侧原文: s Sophia Taylor 3 | 双事件: Liam Wilson助攻Sophia Taylor3分命中
speechTranscriber,en-assist-three-number,Number 5 assist number 63.,161,161,stat.assist,true,false,,,Number 5 assist number 63. ||  63. ||  63,success | Number 5 assist number 63 | action=助攻 | player=Liam Wilson | 原文: Number 5 assist number 63 | 拼音: number 5 assist number 63 | 提取号码前缀: 5 | 剩余文本: assist number 63 | 🔍 找到关键词「assist」 | 左侧原文: 空 | 右侧原文: number 63 | 球员匹配: 号码5直配
speechTranscriber,en-steal-turnover,No Anderson steal Ava Martin.,168,168,stat.stealTurnover,true,true,,,No Anderson steal Ava Martin. ||  Martin. ||  Martin,success | No Anderson steal Ava Martin | action=抢断 + 失误 | player=Noah Anderson → Ava Martin | 原文: No Anderson steal Ava Martin | 拼音: no anderson steal ava martin | 🔍 找到关键词「steal」 | 左侧原文: No Anderson | 右侧原文: Ava Martin | 双事件: Noah Anderson抢断Ava Martin
speechTranscriber,en-steal-turnover-number,Number 7 steel number eight.,167,168,stat.steal,true,false,,,Number 7 steel number eight. ||  eight. ||  8.,success | Number 7 steel number eight | action=抢断 | player=Noah Anderson | 原文: Number 7 steel number eight | 拼音: number 7 steel number eight | 提取号码前缀: 7 | 剩余文本: steel number eight | 🔍 找到关键词「steel」 | 左侧原文: 空 | 右侧原文: number eight | 球员匹配: 号码7直配
speechTranscriber,en-start,Start.,120,120,event.period,true,true,,,Start. || start. || Start || Star.,
speechTranscriber,en-start-number,Start the game.,128,128,event.period,true,true,,,Start the game. ||  game. ||  game,
speechTranscriber,en-pause,Time out.,115,115,event.pause,true,true,,,Time out. || Timeout. || time out. || Time out,
speechTranscriber,en-pause-number,Time out now.,136,136,event.pause,true,true,,,Time out now. ||  now. ||  now... ||  now..,
speechTranscriber,en-game-end,Game over.,105,105,event.game_end,true,true,,,Game over. ||  over. ||  over,
speechTranscriber,en-game-end-number,Game over now.,113,113,event.game_end,true,true,,,Game over now. ||  now. ||  now? ||  now,
speechTranscriber,en-undo,,,,,false,false,未识别：%@,,,
speechTranscriber,en-undo-number,A new last action.,119,119,event.undo,true,true,,,A new last action. ||  last action.,
speechTranscriber,en-redo,Redo.,104,104,event.redo,true,true,,,Redo. || redo. || Redo || We do.,
speechTranscriber,en-redo-number,Redo last action.,121,121,event.redo,true,true,,,Redo last action. ||  last action.,
speechTranscriber,en-substitution,James Carter substitution Emily Stone.,143,143,event.substitution,true,true,,,James Carter substitution Emily Stone. ||  Stone. ||  Stone,success | James Carter substitution Emily Stone | action=换人 | player=James Carter→Emily Stone | 原文: James Carter substitution Emily Stone | 拼音: james carter substitution emily stone
speechTranscriber,en-substitution-number,Number one substitution number two.,153,153,event.substitution,true,true,,,Number one substitution number two. ||  two. ||  two? ||  2.,success | Number one substitution number two | action=换人 | player=James Carter→Emily Stone | 原文: Number one substitution number two | 拼音: number one substitution number two
speechTranscriber,ja-two-made,山田太郎 通 成 功,328,328,stat.twoMade,true,true,,parser_action,山田太郎 通 成 功 || 功,"success | 山田太郎ツー成功 | locale=ja-JP | engine=speechTranscriber | stage=parser | action=2分命中 | player=山田太郎 | 原文: 山田太郎ツー成功 | 拼音: shan tian tai langtsu cheng gong | 🔍 找到关键词「ツー」 | 左侧原文: 山田太郎 | 右侧原文: 成功 | 🔍 关键词: stat.two | 右侧状态=成功 → 命中(得分=1.00) | 球员匹配: 左侧球员[山田太郎(直配1.0), 佐藤健(拼音=zuo teng jian vs shan tian tai lang=0.19), 鈴木翔(拼音=ling mu xiang vs shan tian tai lang=0.28), 田中美咲(拼音=tian zhong mei xiao vs shan tian tai lang=0.25), 高橋愛(拼音=gao qiao ai vs shan tian tai lang=0.22), 伊藤葵(拼音=yi teng kui vs shan tian tai lang=0.18), エマ(拼音=ema vs shan tian tai lang=0.10), マイケル(拼音=maikeru vs shan tian tai lang=0.16), アリス(拼音=arisu vs shan tian tai lang=0.09), ジョン(拼音=jon vs shan tian tai lang=0.10), 山田エマ(本地发音别名:山田), デイビッド(拼音=deibiddo vs shan tian tai lang=0.15)]"
speechTranscriber,ja-two-made-number,1番 通成 功。,95,95,stat.twoMade,true,true,,parser_action,1番 通成 功。 || 功。 || 功,success | 1番ツー成功 | locale=ja-JP | engine=speechTranscriber | stage=parser | action=2分命中 | player=山田太郎 | 原文: 1番ツー成功 | 拼音: 1fantsu cheng gong | 🔍 找到关键词「ツー」 | 左侧原文: 1番 | 右侧原文: 成功 | 🔍 关键词: stat.two | 右侧状态=成功 → 命中(得分=1.00) | 球员匹配: 号码1直配
speechTranscriber,ja-two-missed,佐藤 武 通 害 した,99,99,stat.twoMissed,true,true,,parser_action,佐藤 武 通 害 した || した,"success | 佐藤武ツー外した | locale=ja-JP | engine=speechTranscriber | stage=parser | action=2分不中 | player=佐藤健 | 原文: 佐藤武ツー外した | 拼音: zuo teng wutsu waishita | 🔍 找到关键词「ツー」 | 左侧原文: 佐藤武 | 右侧原文: 外した | 🔍 关键词: stat.two | 右侧状态=外した → 未中(得分=1.00) | 球员匹配: 左侧球员[山田太郎(拼音=shan tian tai lang vs zuo teng wu=0.09), 佐藤健(本地发音别名:佐藤), 鈴木翔(拼音=ling mu xiang vs zuo teng wu=0.05), 田中美咲(拼音=tian zhong mei xiao vs zuo teng wu=0.08), 高橋愛(拼音=gao qiao ai vs zuo teng wu=0.22), 伊藤葵(拼音=yi teng kui vs zuo teng wu=0.14), エマ(拼音=ema vs zuo teng wu=0.14), マイケル(拼音=maikeru vs zuo teng wu=0.17), アリス(拼音=arisu vs zuo teng wu=0.16), ジョン(拼音=jon vs zuo teng wu=0.18), 山田エマ(拼音=shan tianema vs zuo teng wu=0.15), デイビッド(拼音=deibiddo vs zuo teng wu=0.13)]"
speechTranscriber,ja-two-missed-number,ネバ ーズ外 した,95,95,,false,true,,parser_no_action,ネバ ーズ外 した || した,failure | 2番外した | locale=ja-JP | engine=speechTranscriber | stage=parser | reason=no_parser_match | 原文: 2番外した | 拼音: 2fan waishita | ❌ 全文无匹配: 2番外した | 拼音: 2fan waishita
speechTranscriber,ja-three-made,鈴木 賞 スリ ー成 功,222,222,stat.threeMade,true,true,,parser_action,鈴木 賞 スリ ー成 功 || 功 || 功。,"success | 鈴木翔スリー成功 | locale=ja-JP | engine=speechTranscriber | stage=parser | action=3分命中 | player=鈴木翔 | 原文: 鈴木翔スリー成功 | 拼音: ling mu xiangsuri cheng gong | 🔍 找到关键词「スリー」 | 左侧原文: 鈴木翔 | 右侧原文: 成功 | 🔍 关键词: stat.three | 右侧状态=成功 → 命中(得分=1.00) | 球员匹配: 左侧球员[山田太郎(拼音=shan tian tai lang vs ling mu xiang=0.02), 佐藤健(拼音=zuo teng jian vs ling mu xiang=0.05), 鈴木翔(直配1.0), 田中美咲(拼音=tian zhong mei xiao vs ling mu xiang=0.08), 高橋愛(拼音=gao qiao ai vs ling mu xiang=0.12), 伊藤葵(拼音=yi teng kui vs ling mu xiang=0.21), エマ(拼音=ema vs ling mu xiang=0.11), マイケル(拼音=maikeru vs ling mu xiang=0.15), アリス(拼音=arisu vs ling mu xiang=0.12), ジョン(拼音=jon vs ling mu xiang=0.14), 山田エマ(拼音=shan tianema vs ling mu xiang=0.09), デイビッド(拼音=deibiddo vs ling mu xiang=0.16)]"
speechTranscriber,ja-three-made-number,サ ンマ ン釣 り成 功 。,159,160,stat.threeMade,true,true,,parser_action,サ ンマ ン釣 り成 功 。 || 。,success | 3番スリー成功 | locale=ja-JP | engine=speechTranscriber | stage=parser | action=3分命中 | player=鈴木翔 | 原文: 3番スリー成功 | 拼音: 3fansuri cheng gong | 🔍 找到关键词「スリー」 | 左侧原文: 3番 | 右侧原文: 成功 | 🔍 关键词: stat.three | 右侧状态=成功 → 命中(得分=1.00) | 球员匹配: 号码3直配
speechTranscriber,ja-three-missed,田中美咲ス リー 外 した,114,114,stat.threeMissed,true,true,,parser_action,田中美咲ス リー 外 した || した,"success | 田中美咲スリー外した | locale=ja-JP | engine=speechTranscriber | stage=parser | action=3分不中 | player=田中美咲 | 原文: 田中美咲スリー外した | 拼音: tian zhong mei xiaosuri waishita | 🔍 找到关键词「スリー」 | 左侧原文: 田中美咲 | 右侧原文: 外した | 🔍 关键词: stat.three | 右侧状态=外した → 未中(得分=1.00) | 球员匹配: 左侧球员[山田太郎(拼音=shan tian tai lang vs tian zhong mei xiao=0.25), 佐藤健(拼音=zuo teng jian vs tian zhong mei xiao=0.21), 鈴木翔(拼音=ling mu xiang vs tian zhong mei xiao=0.22), 田中美咲(直配1.0), 高橋愛(拼音=gao qiao ai vs tian zhong mei xiao=0.12), 伊藤葵(拼音=yi teng kui vs tian zhong mei xiao=0.24), エマ(拼音=ema vs tian zhong mei xiao=0.09), マイケル(拼音=maikeru vs tian zhong mei xiao=0.22), アリス(拼音=arisu vs tian zhong mei xiao=0.12), ジョン(拼音=jon vs tian zhong mei xiao=0.12), 山田エマ(拼音=shan tianema vs tian zhong mei xiao=0.31), デイビッド(拼音=deibiddo vs tian zhong mei xiao=0.12)]"
speechTranscriber,ja-three-missed-number,日本 版 釣 り 外 した,114,115,stat.threeMissed,true,true,,parser_action,日本 版 釣 り 外 した || した,success | 4番スリー外した | locale=ja-JP | engine=speechTranscriber | stage=parser | action=3分不中 | player=田中美咲 | 原文: 4番スリー外した | 拼音: 4fansuri waishita | 🔍 找到关键词「スリー」 | 左侧原文: 4番 | 右侧原文: 外した | 🔍 关键词: stat.three | 右侧状态=外した → 未中(得分=1.00) | 球员匹配: 号码4直配
speechTranscriber,ja-bonus-made,高橋 愛 ボ ーナス 成 功,175,175,stat.bonusMade,true,true,,parser_action,高橋 愛 ボ ーナス 成 功 || 功,"success | 高橋愛ボーナス成功 | locale=ja-JP | engine=speechTranscriber | stage=parser | action=加罚命中 | player=高橋愛 | 原文: 高橋愛ボーナス成功 | 拼音: gao qiao aibonasu cheng gong | 🔍 找到关键词「ボーナス」 | 左侧原文: 高橋愛 | 右侧原文: 成功 | 🔍 关键词: stat.bonus | 右侧状态=成功 → 命中(得分=1.00) | 球员匹配: 左侧球员[山田太郎(拼音=shan tian tai lang vs gao qiao ai=0.09), 佐藤健(拼音=zuo teng jian vs gao qiao ai=0.25), 鈴木翔(拼音=ling mu xiang vs gao qiao ai=0.10), 田中美咲(拼音=tian zhong mei xiao vs gao qiao ai=0.11), 高橋愛(直配1.0), 伊藤葵(拼音=yi teng kui vs gao qiao ai=0.17), エマ(拼音=ema vs gao qiao ai=0.16), マイケル(拼音=maikeru vs gao qiao ai=0.23), アリス(拼音=arisu vs gao qiao ai=0.23), ジョン(拼音=jon vs gao qiao ai=0.11), 山田エマ(拼音=shan tianema vs gao qiao ai=0.16), デイビッド(拼音=deibiddo vs gao qiao ai=0.21)]"
speechTranscriber,ja-bonus-made-number,ロマンボ ーナス成 功。,172,172,,false,true,,parser_no_action,ロマンボ ーナス成 功。 || 功。 || 功,failure | 5番ーナス成功 | locale=ja-JP | engine=speechTranscriber | stage=parser | reason=no_parser_match | 原文: 5番ーナス成功 | 拼音: 5fan nasu cheng gong | ❌ 全文无匹配: 5番ーナス成功 | 拼音: 5fan nasu cheng gong
speechTranscriber,ja-bonus-missed,伊藤 葵 ボ ーナス 外 した,193,194,stat.bonusMissed,true,true,,parser_action,伊藤 葵 ボ ーナス 外 した || した || し,"success | 伊藤葵ボーナス外した | locale=ja-JP | engine=speechTranscriber | stage=parser | action=加罚不中 | player=伊藤葵 | 原文: 伊藤葵ボーナス外した | 拼音: yi teng kuibonasu waishita | 🔍 找到关键词「ボーナス」 | 左侧原文: 伊藤葵 | 右侧原文: 外した | 🔍 关键词: stat.bonus | 右侧状态=外した → 未中(得分=1.00) | 球员匹配: 左侧球员[山田太郎(拼音=shan tian tai lang vs yi teng kui=0.03), 佐藤健(拼音=zuo teng jian vs yi teng kui=0.18), 鈴木翔(拼音=ling mu xiang vs yi teng kui=0.21), 田中美咲(拼音=tian zhong mei xiao vs yi teng kui=0.06), 高橋愛(拼音=gao qiao ai vs yi teng kui=0.17), 伊藤葵(直配1.0), エマ(拼音=ema vs yi teng kui=0.14), マイケル(拼音=maikeru vs yi teng kui=0.17), アリス(拼音=arisu vs yi teng kui=0.16), ジョン(拼音=jon vs yi teng kui=0.18), 山田エマ(拼音=shan tianema vs yi teng kui=0.08), デイビッド(拼音=deibiddo vs yi teng kui=0.12)]"
speechTranscriber,ja-bonus-missed-number,"60,000 ボーナス外し た",192,192,stat.bonusMissed,true,true,,parser_action,"60,000 ボーナス外し た || た || た。",success | 6番ボーナス外した | locale=ja-JP | engine=speechTranscriber | stage=parser | action=加罚不中 | player=伊藤葵 | 原文: 6番ボーナス外した | 拼音: 6fanbonasu waishita | 🔍 找到关键词「ボーナス」 | 左侧原文: 6番 | 右侧原文: 外した | 🔍 关键词: stat.bonus | 右侧状态=外した → 未中(得分=1.00) | 球员匹配: 号码6直配
speechTranscriber,ja-free-throw-made,エマ フリースロー成功,209,209,stat.freeThrowMade,true,true,,parser_action,エマ フリースロー成功 || フリースロー成功,"success | エマフリースロー成功 | locale=ja-JP | engine=speechTranscriber | stage=parser | action=罚篮命中 | player=エマ | 原文: エマフリースロー成功 | 拼音: emafurisuro cheng gong | 🔍 找到关键词「フリースロー」 | 左侧原文: エマ | 右侧原文: 成功 | 🔍 关键词: stat.freeThrow | 右侧状态=成功 → 命中(得分=1.00) | 球员匹配: 左侧球员[山田太郎(拼音=shan tian tai lang vs ema=0.07), 佐藤健(拼音=zuo teng jian vs ema=0.05), 鈴木翔(拼音=ling mu xiang vs ema=0.00), 田中美咲(拼音=tian zhong mei xiao vs ema=0.06), 高橋愛(拼音=gao qiao ai vs ema=0.06), 伊藤葵(拼音=yi teng kui vs ema=0.00), エマ(直配1.0), マイケル(拼音=maikeru vs ema=0.04), アリス(拼音=arisu vs ema=0.14), ジョン(拼音=jon vs ema=0.00), 山田エマ(姓名片段0.86), デイビッド(拼音=deibiddo vs ema=0.04)]"
speechTranscriber,ja-free-throw-made-number,7番フリースロー 聖 子,178,179,stat.freeThrowMade,true,true,,parser_action,7番フリースロー 聖 子 || 子 || イコ || イ子 || コ,success | 7番フリースロー聖子 | locale=ja-JP | engine=speechTranscriber | stage=parser | action=罚篮命中 | player=エマ | 原文: 7番フリースロー聖子 | 拼音: 7fanfurisuro sheng zi | 🔍 找到关键词「フリースロー」 | 左侧原文: 7番 | 右侧原文: 聖子 | 🔍 关键词: stat.freeThrow | 右侧状态=聖子 → 命中(得分=0.44) | 球员匹配: 号码7直配
speechTranscriber,ja-free-throw-missed,マイケルフリースロー 害 した,293,294,stat.freeThrowMissed,true,true,,parser_action,マイケルフリースロー 害 した || した,"success | マイケルフリースロー外した | locale=ja-JP | engine=speechTranscriber | stage=parser | action=罚篮不中 | player=マイケル | 原文: マイケルフリースロー外した | 拼音: maikerufurisuro waishita | 🔍 找到关键词「フリースロー」 | 左侧原文: マイケル | 右侧原文: 外した | 🔍 关键词: stat.freeThrow | 右侧状态=外した → 未中(得分=1.00) | 球员匹配: 左侧球员[山田太郎(拼音=shan tian tai lang vs maikeru=0.03), 佐藤健(拼音=zuo teng jian vs maikeru=0.11), 鈴木翔(拼音=ling mu xiang vs maikeru=0.09), 田中美咲(拼音=tian zhong mei xiao vs maikeru=0.07), 高橋愛(拼音=gao qiao ai vs maikeru=0.23), 伊藤葵(拼音=yi teng kui vs maikeru=0.03), エマ(拼音=ema vs maikeru=0.17), マイケル(直配1.0), アリス(拼音=arisu vs maikeru=0.26), ジョン(拼音=jon vs maikeru=0.09), 山田エマ(拼音=shan tianema vs maikeru=0.05), デイビッド(拼音=deibiddo vs maikeru=0.24)]"
speechTranscriber,ja-free-throw-missed-number,8 番フリースロー 外 し た。,289,289,stat.freeThrowMissed,true,true,,parser_action,8 番フリースロー 外 し た。 || た。 || た,success | 8番フリースロー外した | locale=ja-JP | engine=speechTranscriber | stage=parser | action=罚篮不中 | player=マイケル | 原文: 8番フリースロー外した | 拼音: 8fanfurisuro waishita | 🔍 找到关键词「フリースロー」 | 左侧原文: 8番 | 右侧原文: 外した | 🔍 关键词: stat.freeThrow | 右侧状态=外した → 未中(得分=1.00) | 球员匹配: 号码8直配
speechTranscriber,ja-layup-made,ア リス レイ ア ップ成 功,275,275,stat.layupMade,true,true,,parser_action,ア リス レイ ア ップ成 功 || 功 || 功。 || 功ー,"success | アリスレイアップ成功 | locale=ja-JP | engine=speechTranscriber | stage=parser | action=上篮命中 | player=アリス | 原文: アリスレイアップ成功 | 拼音: arisureiappu cheng gong | 🔍 找到关键词「レイアップ」 | 左侧原文: アリス | 右侧原文: 成功 | 🔍 关键词: stat.layup | 右侧状态=成功 → 命中(得分=1.00) | 球员匹配: 左侧球员[山田太郎(拼音=shan tian tai lang vs arisu=0.02), 佐藤健(拼音=zuo teng jian vs arisu=0.02), 鈴木翔(拼音=ling mu xiang vs arisu=0.00), 田中美咲(拼音=tian zhong mei xiao vs arisu=0.02), 高橋愛(拼音=gao qiao ai vs arisu=0.03), 伊藤葵(拼音=yi teng kui vs arisu=0.00), エマ(拼音=ema vs arisu=0.14), マイケル(拼音=maikeru vs arisu=0.17), アリス(直配1.0), ジョン(拼音=jon vs arisu=0.00), 山田エマ(拼音=shan tianema vs arisu=0.03), デイビッド(拼音=deibiddo vs arisu=0.16)]"
speechTranscriber,ja-layup-made-number,ヒューマン のレ イアップ成 功。,268,268,stat.layupMade,true,true,,parser_action,ヒューマン のレ イアップ成 功。 || 功。 || 功 || 工,success | 9番のレイアップ成功 | locale=ja-JP | engine=speechTranscriber | stage=parser | action=上篮命中 | player=アリス | 原文: 9番のレイアップ成功 | 拼音: 9fannoreiappu cheng gong | 🔍 找到关键词「レイアップ」 | 左侧原文: 9番の | 右侧原文: 成功 | 🔍 关键词: stat.layup | 右侧状态=成功 → 命中(得分=1.00) | 球员匹配: 号码9直配
speechTranscriber,ja-layup-missed,ジョン レ イアップ 返 し た,275,276,stat.layupMissed,true,true,,parser_action,ジョン レ イアップ 返 し た || た || だ,"success | ジョンレイアップ返した | locale=ja-JP | engine=speechTranscriber | stage=parser | action=上篮未中 | player=ジョン | 原文: ジョンレイアップ返した | 拼音: jonreiappu fanshita | 🔍 找到关键词「レイアップ」 | 左侧原文: ジョン | 右侧原文: 返した | 🔍 关键词: stat.layup | 右侧状态=返した → 未中(得分=0.75) | 球员匹配: 左侧球员[山田太郎(拼音=shan tian tai lang vs jon=0.00), 佐藤健(拼音=zuo teng jian vs jon=0.05), 鈴木翔(拼音=ling mu xiang vs jon=0.09), 田中美咲(拼音=tian zhong mei xiao vs jon=0.00), 高橋愛(拼音=gao qiao ai vs jon=0.06), 伊藤葵(拼音=yi teng kui vs jon=0.04), エマ(拼音=ema vs jon=0.00), マイケル(拼音=maikeru vs jon=0.07), アリス(拼音=arisu vs jon=0.00), ジョン(直配1.0), 山田エマ(拼音=shan tianema vs jon=0.00), デイビッド(拼音=deibiddo vs jon=0.07)]"
speechTranscriber,ja-layup-missed-number,ゆ うま のレ イアップ外し た,288,289,stat.layupMissed,true,true,,parser_action,ゆ うま のレ イアップ外し た || た || た。,success | 10番のレイアップ外した | locale=ja-JP | engine=speechTranscriber | stage=parser | action=上篮未中 | player=ジョン | 原文: 10番のレイアップ外した | 拼音: 10fannoreiappu waishita | 🔍 找到关键词「レイアップ」 | 左侧原文: 10番の | 右侧原文: 外した | 🔍 关键词: stat.layup | 右侧状态=外した → 未中(得分=1.00) | 球员匹配: 号码10直配
speechTranscriber,ja-mid-range-made,山田 園 は ミドルセ コ,280,280,stat.midRangeMade,true,true,,parser_action,山田 園 は ミドルセ コ || コ || 功,"success | 山田エマはミドル成功 | locale=ja-JP | engine=speechTranscriber | stage=parser | action=中投命中 | player=山田エマ | 原文: 山田エマはミドル成功 | 拼音: shan tianemahamidoru cheng gong | 🔍 找到关键词「ミドル」 | 左侧原文: 山田エマは | 右侧原文: 成功 | 🔍 关键词: stat.midRange | 右侧状态=成功 → 命中(得分=1.00) | 球员匹配: 左侧球员[山田太郎(本地发音别名:山田), 佐藤健(拼音=zuo teng jian vs shan tianemaha=0.21), 鈴木翔(拼音=ling mu xiang vs shan tianemaha=0.15), 田中美咲(拼音=tian zhong mei xiao vs shan tianemaha=0.31), 高橋愛(拼音=gao qiao ai vs shan tianemaha=0.26), 伊藤葵(拼音=yi teng kui vs shan tianemaha=0.14), エマ(直配1.0), マイケル(拼音=maikeru vs shan tianemaha=0.14), アリス(拼音=arisu vs shan tianemaha=0.13), ジョン(拼音=jon vs shan tianemaha=0.12), 山田エマ(直配1.0), デイビッド(拼音=deibiddo vs shan tianemaha=0.19)]"
speechTranscriber,ja-mid-range-made-number,11番 ミド ル 製 鋼,286,286,stat.midRangeMade,true,true,,parser_action,11番 ミド ル 製 鋼 || 鋼 || 工,success | 11番ミドル成功 | locale=ja-JP | engine=speechTranscriber | stage=parser | action=中投命中 | player=山田エマ | 原文: 11番ミドル成功 | 拼音: 11fanmidoru cheng gong | 🔍 找到关键词「ミドル」 | 左侧原文: 11番 | 右侧原文: 成功 | 🔍 关键词: stat.midRange | 右侧状态=成功 → 命中(得分=1.00) | 球员匹配: 号码11直配
speechTranscriber,ja-mid-range-missed,デイビッ ド ミドル 外 し た。,110,111,stat.midRangeMissed,true,true,,parser_action,デイビッ ド ミドル 外 し た。 || た。 || た,"success | デイビッドミドル外した | locale=ja-JP | engine=speechTranscriber | stage=parser | action=中投未中 | player=デイビッド | 原文: デイビッドミドル外した | 拼音: deibiddomidoru waishita | 🔍 找到关键词「ミドル」 | 左侧原文: デイビッド | 右侧原文: 外した | 🔍 关键词: stat.midRange | 右侧状态=外した → 未中(得分=1.00) | 球员匹配: 左侧球员[山田太郎(拼音=shan tian tai lang vs deibiddo=0.02), 佐藤健(拼音=zuo teng jian vs deibiddo=0.11), 鈴木翔(拼音=ling mu xiang vs deibiddo=0.08), 田中美咲(拼音=tian zhong mei xiao vs deibiddo=0.09), 高橋愛(拼音=gao qiao ai vs deibiddo=0.21), 伊藤葵(拼音=yi teng kui vs deibiddo=0.12), エマ(拼音=ema vs deibiddo=0.12), マイケル(拼音=maikeru vs deibiddo=0.24), アリス(拼音=arisu vs deibiddo=0.16), ジョン(拼音=jon vs deibiddo=0.07), 山田エマ(拼音=shan tianema vs deibiddo=0.03), デイビッド(直配1.0)]"
speechTranscriber,ja-mid-range-missed-number,12番 メ ド ル外した。,103,103,stat.midRangeMissed,true,true,,parser_action,12番 メ ド ル外した。 || ル外した。,success | 12番ミドル外した | locale=ja-JP | engine=speechTranscriber | stage=parser | action=中投未中 | player=デイビッド | 原文: 12番ミドル外した | 拼音: 12fanmidoru waishita | 🔍 找到关键词「ミドル」 | 左侧原文: 12番 | 右侧原文: 外した | 🔍 关键词: stat.midRange | 右侧状态=外した → 未中(得分=1.00) | 球员匹配: 号码12直配
speechTranscriber,ja-paint-made,山田太郎ペイント 成 功,111,111,stat.paintMade,true,true,,parser_action,山田太郎ペイント 成 功 || 功 || 工,"success | 山田太郎ペイント成功 | locale=ja-JP | engine=speechTranscriber | stage=parser | action=篮下命中 | player=山田太郎 | 原文: 山田太郎ペイント成功 | 拼音: shan tian tai langpeinto cheng gong | 🔍 找到关键词「ペイント」 | 左侧原文: 山田太郎 | 右侧原文: 成功 | 🔍 关键词: stat.paint | 右侧状态=成功 → 命中(得分=1.00) | 球员匹配: 左侧球员[山田太郎(直配1.0), 佐藤健(拼音=zuo teng jian vs shan tian tai lang=0.19), 鈴木翔(拼音=ling mu xiang vs shan tian tai lang=0.28), 田中美咲(拼音=tian zhong mei xiao vs shan tian tai lang=0.25), 高橋愛(拼音=gao qiao ai vs shan tian tai lang=0.22), 伊藤葵(拼音=yi teng kui vs shan tian tai lang=0.18), エマ(拼音=ema vs shan tian tai lang=0.10), マイケル(拼音=maikeru vs shan tian tai lang=0.16), アリス(拼音=arisu vs shan tian tai lang=0.09), ジョン(拼音=jon vs shan tian tai lang=0.10), 山田エマ(本地发音别名:山田), デイビッド(拼音=deibiddo vs shan tian tai lang=0.15)]"
speechTranscriber,ja-paint-made-number,1000円 おし こ,100,101,,false,true,,parser_no_action,1000円 おし こ || こ || 子,failure | 1番おしこ | locale=ja-JP | engine=speechTranscriber | stage=parser | reason=no_parser_match | 原文: 1番おしこ | 拼音: 1fanoshiko | ❌ 全文无匹配: 1番おしこ | 拼音: 1fanoshiko
speechTranscriber,ja-paint-missed,佐藤 健 ペイント 外 した,118,118,stat.paintMissed,true,true,,parser_action,佐藤 健 ペイント 外 した || した,"success | 佐藤健ペイント外した | locale=ja-JP | engine=speechTranscriber | stage=parser | action=篮下未中 | player=佐藤健 | 原文: 佐藤健ペイント外した | 拼音: zuo teng jianpeinto waishita | 🔍 找到关键词「ペイント」 | 左侧原文: 佐藤健 | 右侧原文: 外した | 🔍 关键词: stat.paint | 右侧状态=外した → 未中(得分=1.00) | 球员匹配: 左侧球员[山田太郎(拼音=shan tian tai lang vs zuo teng jian=0.16), 佐藤健(直配1.0), 鈴木翔(拼音=ling mu xiang vs zuo teng jian=0.05), 田中美咲(拼音=tian zhong mei xiao vs zuo teng jian=0.08), 高橋愛(拼音=gao qiao ai vs zuo teng jian=0.25), 伊藤葵(拼音=yi teng kui vs zuo teng jian=0.42), エマ(拼音=ema vs zuo teng jian=0.12), マイケル(拼音=maikeru vs zuo teng jian=0.12), アリス(拼音=arisu vs zuo teng jian=0.09), ジョン(拼音=jon vs zuo teng jian=0.15), 山田エマ(拼音=shan tianema vs zuo teng jian=0.17), デイビッド(拼音=deibiddo vs zuo teng jian=0.15)]"
speechTranscriber,ja-paint-missed-number,今 向 け と外 した,98,98,,false,true,,parser_no_action,今 向 け と外 した || した,failure | 今向けと外した | locale=ja-JP | engine=speechTranscriber | stage=parser | reason=no_parser_match | 原文: 今向けと外した | 拼音: jin xiangketo waishita | ❌ 全文无匹配: 今向けと外した | 拼音: jin xiangketo waishita
speechTranscriber,ja-putback-made,鈴木 賞 パ ッ ド バッ ク 成功,118,118,stat.putbackMade,true,true,,parser_action,鈴木 賞 パ ッ ド バッ ク 成功 || 成功,"success | 鈴木翔パットバック成功 | locale=ja-JP | engine=speechTranscriber | stage=parser | action=补篮命中 | player=鈴木翔 | 原文: 鈴木翔パットバック成功 | 拼音: ling mu xiangpattobakku cheng gong | 🔍 找到关键词「パットバック」 | 左侧原文: 鈴木翔 | 右侧原文: 成功 | 🔍 关键词: stat.putback | 右侧状态=成功 → 命中(得分=1.00) | 球员匹配: 左侧球员[山田太郎(拼音=shan tian tai lang vs ling mu xiang=0.02), 佐藤健(拼音=zuo teng jian vs ling mu xiang=0.05), 鈴木翔(直配1.0), 田中美咲(拼音=tian zhong mei xiao vs ling mu xiang=0.08), 高橋愛(拼音=gao qiao ai vs ling mu xiang=0.12), 伊藤葵(拼音=yi teng kui vs ling mu xiang=0.21), エマ(拼音=ema vs ling mu xiang=0.11), マイケル(拼音=maikeru vs ling mu xiang=0.15), アリス(拼音=arisu vs ling mu xiang=0.12), ジョン(拼音=jon vs ling mu xiang=0.14), 山田エマ(拼音=shan tianema vs ling mu xiang=0.09), デイビッド(拼音=deibiddo vs ling mu xiang=0.16)]"
speechTranscriber,ja-putback-made-number,サム マンパッドバック成 功。,111,111,stat.putbackMade,true,true,,parser_action,サム マンパッドバック成 功。 || 功。 || 功,success | 3番パットバック成功 | locale=ja-JP | engine=speechTranscriber | stage=parser | action=补篮命中 | player=鈴木翔 | 原文: 3番パットバック成功 | 拼音: 3fanpattobakku cheng gong | 🔍 找到关键词「パットバック」 | 左侧原文: 3番 | 右侧原文: 成功 | 🔍 关键词: stat.putback | 右侧状态=成功 → 命中(得分=1.00) | 球员匹配: 号码3直配
speechTranscriber,ja-putback-missed,田中美 咲 パッ ド バック返し た。,118,119,stat.putbackMissed,true,true,,parser_action,田中美 咲 パッ ド バック返し た。 || た。 || 。,"success | 田中美咲パットバック返した | locale=ja-JP | engine=speechTranscriber | stage=parser | action=补篮未中 | player=田中美咲 | 原文: 田中美咲パットバック返した | 拼音: tian zhong mei xiaopattobakku fanshita | 🔍 找到关键词「パットバック」 | 左侧原文: 田中美咲 | 右侧原文: 返した | 🔍 关键词: stat.putback | 右侧状态=返した → 未中(得分=0.75) | 球员匹配: 左侧球员[山田太郎(拼音=shan tian tai lang vs tian zhong mei xiao=0.25), 佐藤健(拼音=zuo teng jian vs tian zhong mei xiao=0.21), 鈴木翔(拼音=ling mu xiang vs tian zhong mei xiao=0.22), 田中美咲(直配1.0), 高橋愛(拼音=gao qiao ai vs tian zhong mei xiao=0.12), 伊藤葵(拼音=yi teng kui vs tian zhong mei xiao=0.24), エマ(拼音=ema vs tian zhong mei xiao=0.09), マイケル(拼音=maikeru vs tian zhong mei xiao=0.22), アリス(拼音=arisu vs tian zhong mei xiao=0.12), ジョン(拼音=jon vs tian zhong mei xiao=0.12), 山田エマ(拼音=shan tianema vs tian zhong mei xiao=0.31), デイビッド(拼音=deibiddo vs tian zhong mei xiao=0.12)]"
speechTranscriber,ja-putback-missed-number,日本 マ ンパ ッドバック外し た。,119,119,stat.putbackMissed,true,true,,parser_action,日本 マ ンパ ッドバック外し た。 || た。 || 。,success | 4番パットバック外した | locale=ja-JP | engine=speechTranscriber | stage=parser | action=补篮未中 | player=田中美咲 | 原文: 4番パットバック外した | 拼音: 4fanpattobakku waishita | 🔍 找到关键词「パットバック」 | 左侧原文: 4番 | 右侧原文: 外した | 🔍 关键词: stat.putback | 右侧状态=外した → 未中(得分=1.00) | 球员匹配: 号码4直配
speechTranscriber,ja-dunk-made,高橋愛ダンク 成 功,105,106,stat.dunkMade,true,true,,parser_action,高橋愛ダンク 成 功 || 功 || 高,"success | 高橋愛ダンク成功 | locale=ja-JP | engine=speechTranscriber | stage=parser | action=扣篮命中 | player=高橋愛 | 原文: 高橋愛ダンク成功 | 拼音: gao qiao aidanku cheng gong | 🔍 找到关键词「ダンク」 | 左侧原文: 高橋愛 | 右侧原文: 成功 | 🔍 关键词: stat.dunk | 右侧状态=成功 → 命中(得分=1.00) | 球员匹配: 左侧球员[山田太郎(拼音=shan tian tai lang vs gao qiao ai=0.09), 佐藤健(拼音=zuo teng jian vs gao qiao ai=0.25), 鈴木翔(拼音=ling mu xiang vs gao qiao ai=0.10), 田中美咲(拼音=tian zhong mei xiao vs gao qiao ai=0.11), 高橋愛(直配1.0), 伊藤葵(拼音=yi teng kui vs gao qiao ai=0.17), エマ(拼音=ema vs gao qiao ai=0.16), マイケル(拼音=maikeru vs gao qiao ai=0.23), アリス(拼音=arisu vs gao qiao ai=0.23), ジョン(拼音=jon vs gao qiao ai=0.11), 山田エマ(拼音=shan tianema vs gao qiao ai=0.16), デイビッド(拼音=deibiddo vs gao qiao ai=0.21)]"
speechTranscriber,ja-dunk-made-number,ロマン南 成功。,96,96,,false,true,,parser_no_action,ロマン南 成功。 || 成功。,failure | 5番南成功 | locale=ja-JP | engine=speechTranscriber | stage=parser | reason=no_parser_match | 原文: 5番南成功 | 拼音: 5fan nan cheng gong | ❌ 全文无匹配: 5番南成功 | 拼音: 5fan nan cheng gong
speechTranscriber,ja-dunk-missed,伊藤 親 を 異断 苦 した,105,106,stat.dunkMissed,true,true,,parser_action,伊藤 親 を 異断 苦 した || した || 害した || し,"success | 伊藤葵をダンクした | locale=ja-JP | engine=speechTranscriber | stage=parser | action=扣篮未中 | player=伊藤葵 | 原文: 伊藤葵をダンクした | 拼音: yi teng kuiwodankushita | 🔍 找到关键词「ダンク」 | 左侧原文: 伊藤葵を | 右侧原文: した | 🔍 关键词: stat.dunk | 右侧状态=した → 未中(得分=0.67) | 球员匹配: 左侧球员[山田太郎(拼音=shan tian tai lang vs yi teng kuiwo=0.03), 佐藤健(拼音=zuo teng jian vs yi teng kuiwo=0.18), 鈴木翔(拼音=ling mu xiang vs yi teng kuiwo=0.21), 田中美咲(拼音=tian zhong mei xiao vs yi teng kuiwo=0.10), 高橋愛(拼音=gao qiao ai vs yi teng kuiwo=0.14), 伊藤葵(直配1.0), エマ(拼音=ema vs yi teng kuiwo=0.12), マイケル(拼音=maikeru vs yi teng kuiwo=0.14), アリス(拼音=arisu vs yi teng kuiwo=0.15), ジョン(拼音=jon vs yi teng kuiwo=0.15), 山田エマ(拼音=shan tianema vs yi teng kuiwo=0.13), デイビッド(拼音=deibiddo vs yi teng kuiwo=0.15)]"
speechTranscriber,ja-dunk-missed-number,6000 外し た。,99,99,,false,true,,parser_no_action,6000 外し た。 || た。 || た,failure | 6番外した | locale=ja-JP | engine=speechTranscriber | stage=parser | reason=no_parser_match | 原文: 6番外した | 拼音: 6fan waishita | ❌ 全文无匹配: 6番外した | 拼音: 6fan waishita
speechTranscriber,ja-foul,エマ ハウル,82,82,stat.foul,true,true,,parser_action,エマ ハウル || ハウル,"success | エマファウル | locale=ja-JP | engine=speechTranscriber | stage=parser | action=犯规 | player=エマ | 原文: エマファウル | 拼音: emafauru | 🔍 找到关键词「ファウル」 | 左侧原文: エマ | 右侧原文: 空 | 球员匹配: 左侧球员[山田太郎(拼音=shan tian tai lang vs ema=0.07), 佐藤健(拼音=zuo teng jian vs ema=0.05), 鈴木翔(拼音=ling mu xiang vs ema=0.00), 田中美咲(拼音=tian zhong mei xiao vs ema=0.06), 高橋愛(拼音=gao qiao ai vs ema=0.06), 伊藤葵(拼音=yi teng kui vs ema=0.00), エマ(直配1.0), マイケル(拼音=maikeru vs ema=0.04), アリス(拼音=arisu vs ema=0.14), ジョン(拼音=jon vs ema=0.00), 山田エマ(姓名片段0.86), デイビッド(拼音=deibiddo vs ema=0.04)]"
speechTranscriber,ja-foul-number,ラ マ ンバ ブル,93,93,,false,true,,parser_no_action,ラ マ ンバ ブル || ブル || ル,failure | ラマンバブル | locale=ja-JP | engine=speechTranscriber | stage=parser | reason=no_parser_match | 原文: ラマンバブル | 拼音: ramanbaburu | ❌ 全文无匹配: ラマンバブル | 拼音: ramanbaburu
speechTranscriber,ja-rebound,マイケル リ バ ウ ン ド,100,101,stat.rebound,true,true,,parser_action,マイケル リ バ ウ ン ド || ド,"success | マイケルリバウンド | locale=ja-JP | engine=speechTranscriber | stage=parser | action=篮板 | player=マイケル | 原文: マイケルリバウンド | 拼音: maikeruribaundo | 🔍 找到关键词「リバウンド」 | 左侧原文: マイケル | 右侧原文: 空 | 球员匹配: 左侧球员[山田太郎(拼音=shan tian tai lang vs maikeru=0.03), 佐藤健(拼音=zuo teng jian vs maikeru=0.11), 鈴木翔(拼音=ling mu xiang vs maikeru=0.09), 田中美咲(拼音=tian zhong mei xiao vs maikeru=0.07), 高橋愛(拼音=gao qiao ai vs maikeru=0.23), 伊藤葵(拼音=yi teng kui vs maikeru=0.03), エマ(拼音=ema vs maikeru=0.17), マイケル(直配1.0), アリス(拼音=arisu vs maikeru=0.26), ジョン(拼音=jon vs maikeru=0.09), 山田エマ(拼音=shan tianema vs maikeru=0.05), デイビッド(拼音=deibiddo vs maikeru=0.24)]"
speechTranscriber,ja-rebound-number,8番 リ マ ウ ン ド,98,98,stat.rebound,true,true,,parser_action,8番 リ マ ウ ン ド || ド || ド。,success | 8番リバウンド | locale=ja-JP | engine=speechTranscriber | stage=parser | action=篮板 | player=マイケル | 原文: 8番リバウンド | 拼音: 8fanribaundo | 🔍 找到关键词「リバウンド」 | 左侧原文: 8番 | 右侧原文: 空 | 球员匹配: 号码8直配
speechTranscriber,ja-offensive-rebound,アリ ス フ ェ ンスリバウン ド。,113,114,stat.offensiveRebound,true,true,,parser_action,アリ ス フ ェ ンスリバウン ド。 || ド。 || ド,"success | アリスオフェンスリバウンド | locale=ja-JP | engine=speechTranscriber | stage=parser | action=前场板 | player=アリス | 原文: アリスオフェンスリバウンド | 拼音: arisuofensuribaundo | 🔍 找到关键词「オフェンスリバウンド」 | 左侧原文: アリス | 右侧原文: 空 | 球员匹配: 左侧球员[山田太郎(拼音=shan tian tai lang vs arisu=0.02), 佐藤健(拼音=zuo teng jian vs arisu=0.02), 鈴木翔(拼音=ling mu xiang vs arisu=0.00), 田中美咲(拼音=tian zhong mei xiao vs arisu=0.02), 高橋愛(拼音=gao qiao ai vs arisu=0.03), 伊藤葵(拼音=yi teng kui vs arisu=0.00), エマ(拼音=ema vs arisu=0.14), マイケル(拼音=maikeru vs arisu=0.17), アリス(直配1.0), ジョン(拼音=jon vs arisu=0.00), 山田エマ(拼音=shan tianema vs arisu=0.03), デイビッド(拼音=deibiddo vs arisu=0.16)]"
speechTranscriber,ja-offensive-rebound-number,ヒューマ 500 スリ マ ウンド,113,113,,false,true,,parser_no_action,ヒューマ 500 スリ マ ウンド || ウンド,failure | ヒューマ500スリバウンド | locale=ja-JP | engine=speechTranscriber | stage=parser | reason=player_not_matched | action=stat.defensiveRebound | 原文: ヒューマ500スリバウンド | 拼音: hyuma500suribaundo | 🔍 找到关键词「リバウンド」 | 左侧原文: ヒューマ500ス | 右侧原文: 空 | ❌ 未匹配到球员 | 左侧文本: ヒューマ500ス | 拼音: hyuma500suribaundo || failure | ヒューマ500スリバウンド | locale=ja-JP | engine=speechTranscriber | stage=parser | reason=parser_failure | action=stat.defensiveRebound | 🔍 找到关键词「リバウン」 | 左侧原文: ヒューマ500ス | 右侧原文: ド || failure | ヒューマ500スリバウンド | locale=ja-JP | engine=speechTranscriber | stage=parser | reason=player_not_matched | action=stat.defensiveRebound | ❌ 未匹配到球员 | 左侧文本: ヒューマ500ス | 拼音: hyuma500suribaundo || failure | ヒューマ500スリバウンド | locale=ja-JP | engine=speechTranscriber | stage=parser | reason=parser_failure | action=stat.three | 🔍 找到关键词「スリ」 | 左侧原文: ヒューマ500 | 右侧原文: バウンド || failure | ヒューマ500スリバウンド | locale=ja-JP | engine=speechTranscriber | stage=parser | reason=parser_failure | action=stat.threeMade | 🔍 关键词: stat.three | 右侧状态=バウンド → 命中(得分=0.17) || failure | ヒューマ500スリバウンド | locale=ja-JP | engine=speechTranscriber | stage=parser | reason=player_not_matched | action=stat.threeMade | ❌ 未匹配到球员 | 左侧文本: ヒューマ500 | 拼音: hyuma500suribaundo || failure | ヒューマ500スリバウンド | locale=ja-JP | engine=speechTranscriber | stage=parser | reason=parser_failure | action=stat.three | 🔍 拼音回退: 关键词pinyin=suri | 左侧拼音: hyuma500 | 右侧拼音: baundo || failure | ヒューマ500スリバウンド | locale=ja-JP | engine=speechTranscriber | stage=parser | reason=player_not_matched | action=stat.threeMade | ❌ 拼音回退: 未匹配到球员 | 左侧拼音: hyuma500
speechTranscriber,ja-defensive-rebound,ジョン ・デ ィフェンス リ バウ ンド,110,110,stat.defensiveRebound,true,true,,parser_action,ジョン ・デ ィフェンス リ バウ ンド || ンド || ン || ンd,"success | ジョン・ディフェンスリバウンド | locale=ja-JP | engine=speechTranscriber | stage=parser | action=后场板 | player=ジョン | 原文: ジョン・ディフェンスリバウンド | 拼音: jon・difensuribaundo | 🔍 找到关键词「ディフェンスリバウンド」 | 左侧原文: ジョン・ | 右侧原文: 空 | 球员匹配: 左侧球员[山田太郎(拼音=shan tian tai lang vs jon・=0.00), 佐藤健(拼音=zuo teng jian vs jon・=0.05), 鈴木翔(拼音=ling mu xiang vs jon・=0.09), 田中美咲(拼音=tian zhong mei xiao vs jon・=0.00), 高橋愛(拼音=gao qiao ai vs jon・=0.06), 伊藤葵(拼音=yi teng kui vs jon・=0.04), エマ(拼音=ema vs jon・=0.22), マイケル(拼音=maikeru vs jon・=0.07), アリス(拼音=arisu vs jon・=0.00), ジョン(直配1.0), 山田エマ(拼音=shan tianema vs jon・=0.00), デイビッド(拼音=deibiddo vs jon・=0.07)]"
speechTranscriber,ja-defensive-rebound-number,10 マ リ のス リーマウン ド。,119,120,,false,true,,parser_no_action,10 マ リ のス リーマウン ド。 || ド。 || ド,failure | 10マリのリバウンド | locale=ja-JP | engine=speechTranscriber | stage=parser | reason=player_not_matched | action=stat.defensiveRebound | 原文: 10マリのリバウンド | 拼音: 10marinoribaundo | 🔍 找到关键词「リバウンド」 | 左侧原文: 10マリの | 右侧原文: 空 | ❌ 未匹配到球员 | 左侧文本: 10マリの | 拼音: 10marinoribaundo || failure | 10マリのリバウンド | locale=ja-JP | engine=speechTranscriber | stage=parser | reason=parser_failure | action=stat.defensiveRebound | 🔍 找到关键词「リバウン」 | 左侧原文: 10マリの | 右侧原文: ド || failure | 10マリのリバウンド | locale=ja-JP | engine=speechTranscriber | stage=parser | reason=player_not_matched | action=stat.defensiveRebound | ❌ 未匹配到球员 | 左侧文本: 10マリの | 拼音: 10marinoribaundo || failure | 10マリのリバウンド | locale=ja-JP | engine=speechTranscriber | stage=parser | reason=parser_failure | action=stat.defensiveRebound | 🔍 统计拼音回退: 关键词pinyin=ribaundo | 左侧拼音: 10marino | 右侧拼音: 空 || failure | 10マリのリバウンド | locale=ja-JP | engine=speechTranscriber | stage=parser | reason=player_not_matched | action=stat.defensiveRebound | ❌ 统计拼音回退: 未匹配到球员 | 左侧拼音: 10marino
speechTranscriber,ja-assist,山田 英 馬 ア シスト,113,114,stat.assist,true,true,,parser_action,山田 英 馬 ア シスト || シスト,"success | 山田エマアシスト | locale=ja-JP | engine=speechTranscriber | stage=parser | action=助攻 | player=山田エマ | 原文: 山田エマアシスト | 拼音: shan tianemaashisuto | 🔍 找到关键词「アシスト」 | 左侧原文: 山田エマ | 右侧原文: 空 | 球员匹配: 左侧球员[山田太郎(本地发音别名:山田), 佐藤健(拼音=zuo teng jian vs shan tianema=0.17), 鈴木翔(拼音=ling mu xiang vs shan tianema=0.09), 田中美咲(拼音=tian zhong mei xiao vs shan tianema=0.31), 高橋愛(拼音=gao qiao ai vs shan tianema=0.31), 伊藤葵(拼音=yi teng kui vs shan tianema=0.16), エマ(直配1.0), マイケル(拼音=maikeru vs shan tianema=0.16), アリス(拼音=arisu vs shan tianema=0.15), ジョン(拼音=jon vs shan tianema=0.14), 山田エマ(直配1.0), デイビッド(拼音=deibiddo vs shan tianema=0.23)]"
speechTranscriber,ja-assist-number,11番 ア シ ス ト。,99,99,stat.assist,true,true,,parser_action,11番 ア シ ス ト。 || ト。 || ト,success | 11番アシスト | locale=ja-JP | engine=speechTranscriber | stage=parser | action=助攻 | player=山田エマ | 原文: 11番アシスト | 拼音: 11fanashisuto | 🔍 找到关键词「アシスト」 | 左侧原文: 11番 | 右侧原文: 空 | 球员匹配: 号码11直配
speechTranscriber,ja-block,デ イビ ッ ド ブ ロック,98,98,stat.block,true,true,,parser_action,デ イビ ッ ド ブ ロック || ロック,"success | デイビッドブロック | locale=ja-JP | engine=speechTranscriber | stage=parser | action=封盖 | player=デイビッド | 原文: デイビッドブロック | 拼音: deibiddoburokku | 🔍 找到关键词「ブロック」 | 左侧原文: デイビッド | 右侧原文: 空 | 球员匹配: 左侧球员[山田太郎(拼音=shan tian tai lang vs deibiddo=0.02), 佐藤健(拼音=zuo teng jian vs deibiddo=0.11), 鈴木翔(拼音=ling mu xiang vs deibiddo=0.08), 田中美咲(拼音=tian zhong mei xiao vs deibiddo=0.09), 高橋愛(拼音=gao qiao ai vs deibiddo=0.21), 伊藤葵(拼音=yi teng kui vs deibiddo=0.12), エマ(拼音=ema vs deibiddo=0.12), マイケル(拼音=maikeru vs deibiddo=0.24), アリス(拼音=arisu vs deibiddo=0.16), ジョン(拼音=jon vs deibiddo=0.07), 山田エマ(拼音=shan tianema vs deibiddo=0.03), デイビッド(直配1.0)]"
speechTranscriber,ja-block-number,12番 ブ ロッ ク,102,102,stat.block,true,true,,parser_action,12番 ブ ロッ ク || ク || クス || グ,success | 12番ブロック | locale=ja-JP | engine=speechTranscriber | stage=parser | action=封盖 | player=デイビッド | 原文: 12番ブロック | 拼音: 12fanburokku | 🔍 找到关键词「ブロック」 | 左侧原文: 12番 | 右侧原文: 空 | 球员匹配: 号码12直配
speechTranscriber,ja-steal,山田太郎ス テ ィール,98,98,stat.steal,true,true,,parser_action,山田太郎ス テ ィール || ィール || ィル || ール || ィーる,"success | 山田太郎スティール | locale=ja-JP | engine=speechTranscriber | stage=parser | action=抢断 | player=山田太郎 | 原文: 山田太郎スティール | 拼音: shan tian tai langsutiru | 🔍 找到关键词「スティール」 | 左侧原文: 山田太郎 | 右侧原文: 空 | 球员匹配: 左侧球员[山田太郎(直配1.0), 佐藤健(拼音=zuo teng jian vs shan tian tai lang=0.19), 鈴木翔(拼音=ling mu xiang vs shan tian tai lang=0.28), 田中美咲(拼音=tian zhong mei xiao vs shan tian tai lang=0.25), 高橋愛(拼音=gao qiao ai vs shan tian tai lang=0.22), 伊藤葵(拼音=yi teng kui vs shan tian tai lang=0.18), エマ(拼音=ema vs shan tian tai lang=0.10), マイケル(拼音=maikeru vs shan tian tai lang=0.16), アリス(拼音=arisu vs shan tian tai lang=0.09), ジョン(拼音=jon vs shan tian tai lang=0.10), 山田エマ(本地发音别名:山田), デイビッド(拼音=deibiddo vs shan tian tai lang=0.15)]"
speechTranscriber,ja-steal-number,1番ス ピ ール,99,99,stat.steal,true,true,,parser_action,1番ス ピ ール || ール || ィール || ィル || ル,success | 1番スティール | locale=ja-JP | engine=speechTranscriber | stage=parser | action=抢断 | player=山田太郎 | 原文: 1番スティール | 拼音: 1fansutiru | 🔍 找到关键词「スティール」 | 左侧原文: 1番 | 右侧原文: 空 | 球员匹配: 号码1直配
speechTranscriber,ja-turnover,佐藤 健 ト ーン オーバ ー。,110,110,stat.turnover,true,true,,parser_action,佐藤 健 ト ーン オーバ ー。 || ー。 || ー,"success | 佐藤健ターンオーバーー | locale=ja-JP | engine=speechTranscriber | stage=parser | action=失误 | player=佐藤健 | 原文: 佐藤健ターンオーバーー | 拼音: zuo teng jiantan'oba | 🔍 找到关键词「ターンオーバー」 | 左侧原文: 佐藤健 | 右侧原文: ー | 球员匹配: 左侧球员[山田太郎(拼音=shan tian tai lang vs zuo teng jian=0.16), 佐藤健(直配1.0), 鈴木翔(拼音=ling mu xiang vs zuo teng jian=0.05), 田中美咲(拼音=tian zhong mei xiao vs zuo teng jian=0.08), 高橋愛(拼音=gao qiao ai vs zuo teng jian=0.25), 伊藤葵(拼音=yi teng kui vs zuo teng jian=0.42), エマ(拼音=ema vs zuo teng jian=0.12), マイケル(拼音=maikeru vs zuo teng jian=0.12), アリス(拼音=arisu vs zuo teng jian=0.09), ジョン(拼音=jon vs zuo teng jian=0.15), 山田エマ(拼音=shan tianema vs zuo teng jian=0.17), デイビッド(拼音=deibiddo vs zuo teng jian=0.15)]"
speechTranscriber,ja-turnover-number,2 番 アローバ ー。,99,99,stat.turnover,true,true,,parser_action,2 番 アローバ ー。 || ー。 || ー,success | 2番ターンオーバーー | locale=ja-JP | engine=speechTranscriber | stage=parser | action=失误 | player=佐藤健 | 原文: 2番ターンオーバーー | 拼音: 2fantan'oba | 🔍 找到关键词「ターンオーバー」 | 左侧原文: 2番 | 右侧原文: ー | 球员匹配: 号码2直配
speechTranscriber,ja-assist-two,鈴木賞アシスト田中美 作 数。,123,123,stat.assistTwoMade,true,true,,parser_action,鈴木賞アシスト田中美 作 数。 || 数。 || 通。 || 通 || 数,success | 鈴木翔アシスト田中美咲ツー | locale=ja-JP | engine=speechTranscriber | stage=parser | action=助攻 + 2分命中 | player=鈴木翔 → 田中美咲 | 原文: 鈴木翔アシスト田中美咲ツー | 拼音: ling mu xiangashisuto tian zhong mei xiaotsu | 🔍 找到关键词「アシスト」 | 左侧原文: 鈴木翔 | 右侧原文: 田中美咲ツー | 双事件: 鈴木翔助攻田中美咲2分命中
speechTranscriber,ja-assist-two-number,3マ ラシ スト 40。,108,108,,false,false,,parser_no_action,3マ ラシ スト 40。 ||  40。 ||  400。,failure | 3マラシスト40 | locale=ja-JP | engine=speechTranscriber | stage=parser | reason=player_not_matched | action=stat.assist | 原文: 3マラシスト40 | 拼音: 3marashisuto40 | 🔍 统计拼音回退: 关键词pinyin=ashisuto | 左侧拼音: 3mar | 右侧拼音: 40 | ❌ 统计拼音回退: 未匹配到球员 | 左侧拼音: 3mar
speechTranscriber,ja-assist-three,高橋 愛 ア シス ト 伊藤葵ス リー,122,123,stat.assistThreeMade,true,true,,parser_action,高橋 愛 ア シス ト 伊藤葵ス リー || リー || ー,success | 高橋愛アシスト伊藤葵スリー | locale=ja-JP | engine=speechTranscriber | stage=parser | action=助攻 + 3分命中 | player=高橋愛 → 伊藤葵 | 原文: 高橋愛アシスト伊藤葵スリー | 拼音: gao qiao aiashisuto yi teng kuisuri | 🔍 找到关键词「アシスト」 | 左侧原文: 高橋愛 | 右侧原文: 伊藤葵スリー | 双事件: 高橋愛助攻伊藤葵3分命中
speechTranscriber,ja-assist-three-number,ロマ ンア シスト クマ釣 り,119,119,stat.assistThreeMade,true,false,,parser_action,ロマ ンア シスト クマ釣 り || り,success | 5番アシストクマスリー | locale=ja-JP | engine=speechTranscriber | stage=parser | action=助攻 + 3分命中 | player=高橋愛 → エマ | 原文: 5番アシストクマスリー | 拼音: 5fanashisutokumasuri | 🔍 找到关键词「アシスト」 | 左侧原文: 5番 | 右侧原文: クマスリー | 双事件: 高橋愛助攻エマ3分命中
speechTranscriber,ja-steal-turnover,エ マスティ ール マイケル,105,105,stat.stealTurnover,true,true,,parser_action,エ マスティ ール マイケル || マイケル,success | エマスティールマイケル | locale=ja-JP | engine=speechTranscriber | stage=parser | action=抢断 + 失误 | player=エマ → マイケル | 原文: エマスティールマイケル | 拼音: emasutirumaikeru | 🔍 找到关键词「スティール」 | 左侧原文: エマ | 右侧原文: マイケル | 双事件: エマ抢断マイケル
speechTranscriber,ja-steal-turnover-number,7番スティール 。,102,103,stat.steal,true,false,,parser_action,7番スティール 。 || 。 || ラ。 || マ。 || ラきま。 || ラま。,success | 7番スティール | locale=ja-JP | engine=speechTranscriber | stage=parser | action=抢断 | player=エマ | 原文: 7番スティール | 拼音: 7fansutiru | 🔍 找到关键词「スティール」 | 左侧原文: 7番 | 右侧原文: 空 | 球员匹配: 号码7直配
speechTranscriber,ja-start,開 始,87,87,event.period,true,true,,parser_action,開 始 || 始 || し || 市 || 氏 || い始,
speechTranscriber,ja-start-number,試合開 始,92,92,event.period,true,true,,parser_action,試合開 始 || 始 || り || 始り || 始始 || より,
speechTranscriber,ja-pause,タ イムア ウト,100,100,event.pause,true,true,,parser_action,タ イムア ウト || ウト || ート || ウ || ト,
speechTranscriber,ja-pause-number,タイムラ ブ を お 願いします。,111,111,,true,true,,parser_no_action,タイムラ ブ を お 願いします。 || 願いします。,failure | タイムラブをお願いします | locale=ja-JP | engine=speechTranscriber | stage=parser | reason=no_parser_match | 原文: タイムラブをお願いします | 拼音: taimurabuwoo yuanishimasu | ❌ 全文无匹配: タイムラブをお願いします | 拼音: taimurabuwoo yuanishimasu
speechTranscriber,ja-game-end,試合終了,90,90,event.game_end,true,true,,parser_action,試合終了 || 合終了 || 試合終 || 試終了 || 試合了,
speechTranscriber,ja-game-end-number,試合終 了,93,93,event.game_end,true,true,,parser_action,試合終 了 || 了 || 了。,
speechTranscriber,ja-undo,元 に 戻す,88,88,event.undo,true,true,,parser_action,元 に 戻す || 戻す || 戻,
speechTranscriber,ja-undo-number,最後の動作 を元 に 戻 す。,119,119,event.undo,true,true,,parser_action,最後の動作 を元 に 戻 す。 || す。 || す,
speechTranscriber,ja-redo,やり 直す,88,88,event.redo,true,true,,parser_action,やり 直す || 直す || 直おす || なす || なおす || 直,
speechTranscriber,ja-redo-number,最後の 視聴 者をやり直す。,113,113,event.redo,true,true,,parser_action,最後の 視聴 者をやり直す。 || 者をやり直す。,
speechTranscriber,ja-substitution,山田太郎交代 佐 藤 健。,114,114,event.substitution,true,true,,parser_action,山田太郎交代 佐 藤 健。 || 健。 || 武。 || 健,success | 山田太郎交代佐藤健 | locale=ja-JP | engine=speechTranscriber | stage=parser | action=换人 | player=山田太郎→佐藤健 | 原文: 山田太郎交代佐藤健 | 拼音: shan tian tai lang jiao dai zuo teng jian
speechTranscriber,ja-substitution-number,1番 口 座に る。,108,109,,false,false,,parser_no_action,1番 口 座に る。 || る。 || 。 || 行。,failure | 1番口座にる | locale=ja-JP | engine=speechTranscriber | stage=parser | reason=no_parser_match | 原文: 1番口座にる | 拼音: 1fan kou zuoniru | ❌ 全文无匹配: 1番口座にる | 拼音: 1fan kou zuoniru
speechTranscriber,ko-two-made,김민수 투성공,273,273,stat.twoMade,true,true,,parser_action,김민수 투성공 ||  투성공 ||  초성공 ||  투 성공 ||  초 성공 ||  표성공,"success | 김민수투성공 | locale=ko-KR | engine=speechTranscriber | stage=parser | action=2分命中 | player=김민수 | 原文: 김민수투성공 | 拼音: gimminsutuseong-gong | 🔍 找到关键词「투」 | 左侧原文: 김민수 | 右侧原文: 성공 | 🔍 关键词: stat.two | 右侧状态=성공 → 命中(得分=1.00) | 球员匹配: 左侧球员[김민수(直配1.0), 이준호(拼音=ijunho vs gimminsu=0.24), 박지훈(拼音=bagjihun vs gimminsu=0.16), 최서연(拼音=choeseoyeon vs gimminsu=0.00), 김하늘(拼音=gimhaneul vs gimminsu=0.59), 정수빈(拼音=jeongsubin vs gimminsu=0.08), 엠마(拼音=emma vs gimminsu=0.35), 마이클(拼音=maikeul vs gimminsu=0.10), 앨리스(拼音=aelliseu vs gimminsu=0.31), 존(拼音=jon vs gimminsu=0.12), 김엠마(拼音=gim-emma vs gimminsu=0.50), 데이비드(拼音=deibideu vs gimminsu=0.38)]"
speechTranscriber,ko-two-made-number,일본 수선,85,85,,false,true,,parser_no_action,일본 수선 ||  수선 ||  우선 ||  수선공 ||  수성 ||  선,failure | 일본투 성공 | locale=ko-KR | engine=speechTranscriber | stage=parser | reason=player_not_matched | action=stat.twoMade | 原文: 일본투 성공 | 拼音: ilbontu seong-gong | 🔍 找到关键词「투」 | 左侧原文: 일본 | 右侧原文: 성공 | 🔍 关键词: stat.two | 右侧状态=성공 → 命中(得分=1.00) | ❌ 未匹配到球员 | 左侧文本: 일본 | 拼音: ilbontu seong-gong || failure | 일본투 성공 | locale=ko-KR | engine=speechTranscriber | stage=parser | reason=parser_failure | action=stat.two | 🔍 拼音回退: 关键词pinyin=tu | 左侧拼音: ilbon | 右侧拼音: seong-gong || failure | 일본투 성공 | locale=ko-KR | engine=speechTranscriber | stage=parser | reason=player_not_matched | action=stat.twoMade | ❌ 拼音回退: 未匹配到球员 | 左侧拼音: ilbon
speechTranscriber,ko-two-missed,이준호투 실패,82,82,stat.twoMissed,true,true,,parser_action,이준호투 실패 || 이준 호투 실패 || 이준호투실패 || 이준호투 실 || 이준호투 패,"success | 이준호투실패 | locale=ko-KR | engine=speechTranscriber | stage=parser | action=2分不中 | player=이준호 | 原文: 이준호투실패 | 拼音: ijunhotusilpae | 🔍 找到关键词「투」 | 左侧原文: 이준호 | 右侧原文: 실패 | 🔍 关键词: stat.two | 右侧状态=실패 → 未中(得分=1.00) | 球员匹配: 左侧球员[김민수(拼音=gimminsu vs ijunho=0.04), 이준호(直配1.0), 박지훈(拼音=bagjihun vs ijunho=0.00), 최서연(拼音=choeseoyeon vs ijunho=0.11), 김하늘(拼音=gimhaneul vs ijunho=0.00), 정수빈(拼音=jeongsubin vs ijunho=0.16), 엠마(拼音=emma vs ijunho=0.17), 마이클(拼音=maikeul vs ijunho=0.13), 앨리스(拼音=aelliseu vs ijunho=0.11), 존(拼音=jon vs ijunho=0.43), 김엠마(拼音=gim-emma vs ijunho=0.00), 데이비드(编辑距离3=0.70)]"
speechTranscriber,ko-two-missed-number,이번 수시회.,87,87,stat.bonusMissed,true,true,,parser_action,이번 수시회. ||  수시회. ||  수시에. ||  수시회 ||  수심해. ||  수시에,success | 2보너스시회 | locale=ko-KR | engine=speechTranscriber | stage=parser | action=加罚不中 | player=이준호 | 原文: 2보너스시회 | 拼音: 2boneoseusihoe | 🔍 找到关键词「보너스」 | 左侧原文: 2 | 右侧原文: 시회 | 🔍 关键词: stat.bonus | 右侧状态=시회 → 未中(得分=0.33) | 球员匹配: 号码2直配
speechTranscriber,ko-three-made,박지훈 수리 성공,85,85,stat.threeMade,true,true,,parser_action,박지훈 수리 성공 ||  수리 성공 ||  쓰리 성공 ||  수리성공 ||  수 성공 ||  수리 공,"success | 박지훈쓰리 성공 | locale=ko-KR | engine=speechTranscriber | stage=parser | action=3分命中 | player=박지훈 | 原文: 박지훈쓰리 성공 | 拼音: bagjihunsseuli seong-gong | 🔍 找到关键词「쓰리」 | 左侧原文: 박지훈 | 右侧原文: 성공 | 🔍 关键词: stat.three | 右侧状态=성공 → 命中(得分=1.00) | 球员匹配: 左侧球员[김민수(拼音=gimminsu vs bagjihun=0.16), 이준호(拼音=ijunho vs bagjihun=0.24), 박지훈(直配1.0), 최서연(拼音=choeseoyeon vs bagjihun=0.05), 김하늘(拼音=gimhaneul vs bagjihun=0.09), 정수빈(拼音=jeongsubin vs bagjihun=0.14), 엠마(拼音=emma vs bagjihun=0.09), 마이클(拼音=maikeul vs bagjihun=0.20), 앨리스(拼音=aelliseu vs bagjihun=0.20), 존(拼音=jon vs bagjihun=0.20), 김엠마(拼音=gim-emma vs bagjihun=0.10), 데이비드(拼音=deibideu vs bagjihun=0.20)]"
speechTranscriber,ko-three-made-number,3번 수리 30.,88,88,stat.bonusMissed,true,true,,parser_action,3번 수리 30. ||  30. ||  선. ||  3. ||  선 ||  3,failure | 3보너스리 30 | locale=ko-KR | engine=speechTranscriber | stage=parser | reason=player_not_matched | action=stat.threeMade | 原文: 3보너스리 30 | 拼音: 3boneoseuli 30 | 🔍 找到关键词「스리」 | 左侧原文: 3보너 | 右侧原文: 30 | 🔍 关键词: stat.three | 右侧状态=30 → 默认命中(得分=0.00) | ❌ 未匹配到球员 | 左侧文本: 3보너 | 拼音: 3boneoseuli 30 || failure | 3보너스리 30 | locale=ko-KR | engine=speechTranscriber | stage=parser | reason=parser_failure | action=stat.bonus | 🔍 找到关键词「보너스」 | 左侧原文: 3 | 右侧原文: 리 30 || failure | 3보너스리 30 | locale=ko-KR | engine=speechTranscriber | stage=parser | reason=parser_failure | action=stat.bonusMissed | 🔍 关键词: stat.bonus | 右侧状态=리 30 → 未中(得分=0.17) || success | 3보너스리 30 | locale=ko-KR | engine=speechTranscriber | stage=parser | action=加罚不中 | player=박지훈 | 球员匹配: 号码3直配
speechTranscriber,ko-three-missed,최서연 쓰리 실패.,86,86,stat.threeMissed,true,true,,parser_action,최서연 쓰리 실패. ||  실패. ||  실패,"success | 최서연쓰리실패 | locale=ko-KR | engine=speechTranscriber | stage=parser | action=3分不中 | player=최서연 | 原文: 최서연쓰리실패 | 拼音: choeseoyeonsseulisilpae | 🔍 找到关键词「쓰리」 | 左侧原文: 최서연 | 右侧原文: 실패 | 🔍 关键词: stat.three | 右侧状态=실패 → 未中(得分=1.00) | 球员匹配: 左侧球员[김민수(拼音=gimminsu vs choeseoyeon=0.10), 이준호(拼音=ijunho vs choeseoyeon=0.15), 박지훈(拼音=bagjihun vs choeseoyeon=0.15), 최서연(直配1.0), 김하늘(拼音=gimhaneul vs choeseoyeon=0.29), 정수빈(拼音=jeongsubin vs choeseoyeon=0.20), 엠마(拼音=emma vs choeseoyeon=0.14), 마이클(拼音=maikeul vs choeseoyeon=0.24), 앨리스(拼音=aelliseu vs choeseoyeon=0.28), 존(拼音=jon vs choeseoyeon=0.18), 김엠마(拼音=gim-emma vs choeseoyeon=0.15), 데이비드(拼音=deibideu vs choeseoyeon=0.24)]"
speechTranscriber,ko-three-missed-number,4번 술이 실패,87,87,stat.threeMissed,true,true,,parser_action,4번 술이 실패 ||  실패 ||  실패.,success | 4번쓰리실패 | locale=ko-KR | engine=speechTranscriber | stage=parser | action=3分不中 | player=최서연 | 原文: 4번쓰리실패 | 拼音: 4beonsseulisilpae | 🔍 找到关键词「쓰리」 | 左侧原文: 4번 | 右侧原文: 실패 | 🔍 关键词: stat.three | 右侧状态=실패 → 未中(得分=1.00) | 球员匹配: 号码4直配
speechTranscriber,ko-bonus-made,김하늘 보너스 성공.,96,96,stat.bonusMade,true,true,,parser_action,김하늘 보너스 성공. ||  성공. ||  성공,"success | 김하늘보너스성공 | locale=ko-KR | engine=speechTranscriber | stage=parser | action=加罚命中 | player=김하늘 | 原文: 김하늘보너스성공 | 拼音: gimhaneulboneoseuseong-gong | 🔍 找到关键词「보너스」 | 左侧原文: 김하늘 | 右侧原文: 성공 | 🔍 关键词: stat.bonus | 右侧状态=성공 → 命中(得分=1.00) | 球员匹配: 左侧球员[김민수(拼音=gimminsu vs gimhaneul=0.59), 이준호(拼音=ijunho vs gimhaneul=0.20), 박지훈(拼音=bagjihun vs gimhaneul=0.18), 최서연(拼音=choeseoyeon vs gimhaneul=0.05), 김하늘(直配1.0), 정수빈(拼音=jeongsubin vs gimhaneul=0.07), 엠마(拼音=emma vs gimhaneul=0.28), 마이클(拼音=maikeul vs gimhaneul=0.48), 앨리스(拼音=aelliseu vs gimhaneul=0.31), 존(拼音=jon vs gimhaneul=0.17), 김엠마(拼音=gim-emma vs gimhaneul=0.43), 데이비드(拼音=deibideu vs gimhaneul=0.37)]"
speechTranscriber,ko-bonus-made-number,어떤 습니까?,91,91,,false,true,,parser_no_action,어떤 습니까? ||  습니까? ||  합니까? ||  습니까.,failure | 어떤습니까 | locale=ko-KR | engine=speechTranscriber | stage=parser | reason=no_parser_match | 原文: 어떤습니까 | 拼音: eotteonseubnikka | ❌ 全文无匹配: 어떤습니까 | 拼音: eotteonseubnikka
speechTranscriber,ko-bonus-missed,정수빈 보너스 실패.,95,95,stat.bonusMissed,true,true,,parser_action,정수빈 보너스 실패. ||  보너스 실패. ||  보너스 실패 ||  너스 실패. ||  보스 실패. ||  보너 실패.,"success | 정수빈보너스실패 | locale=ko-KR | engine=speechTranscriber | stage=parser | action=加罚不中 | player=정수빈 | 原文: 정수빈보너스실패 | 拼音: jeongsubinboneoseusilpae | 🔍 找到关键词「보너스」 | 左侧原文: 정수빈 | 右侧原文: 실패 | 🔍 关键词: stat.bonus | 右侧状态=실패 → 未中(得分=1.00) | 球员匹配: 左侧球员[김민수(拼音=gimminsu vs jeongsubin=0.08), 이준호(拼音=ijunho vs jeongsubin=0.16), 박지훈(拼音=bagjihun vs jeongsubin=0.26), 최서연(拼音=choeseoyeon vs jeongsubin=0.19), 김하늘(拼音=gimhaneul vs jeongsubin=0.12), 정수빈(直配1.0), 엠마(拼音=emma vs jeongsubin=0.13), 마이클(拼音=maikeul vs jeongsubin=0.22), 앨리스(拼音=aelliseu vs jeongsubin=0.28), 존(拼音=jon vs jeongsubin=0.20), 김엠마(拼音=gim-emma vs jeongsubin=0.06), 데이비드(拼音=deibideu vs jeongsubin=0.12)]"
speechTranscriber,ko-bonus-missed-number,오 너 심해.,91,91,,false,true,,parser_no_action,오 너 심해. ||  심해. ||  수심해. ||  심해? ||  실해.,failure | 오너심해 | locale=ko-KR | engine=speechTranscriber | stage=parser | reason=no_parser_match | 原文: 오너심해 | 拼音: oneosimhae | ❌ 全文无匹配: 오너심해 | 拼音: oneosimhae
speechTranscriber,ko-free-throw-made,엠마 자유투 성공.,87,87,stat.freeThrowMade,true,true,,parser_action,엠마 자유투 성공. ||  자유투 성공. ||  자유투성공. ||  자유투 성공 ||  자유투성공,"success | 엠마자유투성공 | locale=ko-KR | engine=speechTranscriber | stage=parser | action=罚篮命中 | player=엠마 | 原文: 엠마자유투성공 | 拼音: emmajayutuseong-gong | 🔍 找到关键词「자유투」 | 左侧原文: 엠마 | 右侧原文: 성공 | 🔍 关键词: stat.freeThrow | 右侧状态=성공 → 命中(得分=1.00) | 球员匹配: 左侧球员[김민수(拼音=gimminsu vs emma=0.12), 이준호(拼音=ijunho vs emma=0.08), 박지훈(拼音=bagjihun vs emma=0.00), 최서연(拼音=choeseoyeon vs emma=0.04), 김하늘(拼音=gimhaneul vs emma=0.11), 정수빈(拼音=jeongsubin vs emma=0.00), 엠마(直配1.0), 마이클(拼音=maikeul vs emma=0.00), 앨리스(拼音=aelliseu vs emma=0.05), 존(拼音=jon vs emma=0.07), 김엠마(姓名片段0.86), 데이비드(拼音=deibideu vs emma=0.00)]"
speechTranscriber,ko-free-throw-made-number,실은 아유 수선공.,90,90,,false,true,,parser_no_action,실은 아유 수선공. ||  수선공. ||  선공. ||  수공.,failure | 실은아유투 성공공 | locale=ko-KR | engine=speechTranscriber | stage=parser | reason=player_not_matched | action=stat.twoMade | 原文: 실은아유투 성공공 | 拼音: sil-eun-ayutu seong-gong-gong | 🔍 找到关键词「투」 | 左侧原文: 실은아유 | 右侧原文: 성공공 | 🔍 关键词: stat.two | 右侧状态=성공공 → 命中(得分=0.67) | ❌ 未匹配到球员 | 左侧文本: 실은아유 | 拼音: sil-eun-ayutu seong-gong-gong || failure | 실은아유투 성공공 | locale=ko-KR | engine=speechTranscriber | stage=parser | reason=parser_failure | action=stat.two | 🔍 拼音回退: 关键词pinyin=tu | 左侧拼音: sil-eun-ayu | 右侧拼音: seong-gong-gong || failure | 실은아유투 성공공 | locale=ko-KR | engine=speechTranscriber | stage=parser | reason=player_not_matched | action=stat.twoMade | ❌ 拼音回退: 未匹配到球员 | 左侧拼音: sil-eun-ayu
speechTranscriber,ko-free-throw-missed,마이콜 자유투 실패.,85,86,stat.freeThrowMissed,true,true,,parser_action,마이콜 자유투 실패. ||  실패. ||  실패,"success | 마이콜자유투실패 | locale=ko-KR | engine=speechTranscriber | stage=parser | action=罚篮不中 | player=마이클 | 原文: 마이콜자유투실패 | 拼音: maikoljayutusilpae | 🔍 找到关键词「자유투」 | 左侧原文: 마이콜 | 右侧原文: 실패 | 🔍 关键词: stat.freeThrow | 右侧状态=실패 → 未中(得分=1.00) | 球员匹配: 左侧球员[김민수(拼音=gimminsu vs maikol=0.11), 이준호(拼音=ijunho vs maikol=0.05), 박지훈(拼音=bagjihun vs maikol=0.12), 최서연(拼音=choeseoyeon vs maikol=0.00), 김하늘(拼音=gimhaneul vs maikol=0.16), 정수빈(拼音=jeongsubin vs maikol=0.04), 엠마(拼音=emma vs maikol=0.15), 마이클(编辑距离1=0.80), 앨리스(拼音=aelliseu vs maikol=0.05), 존(拼音=jon vs maikol=0.27), 김엠마(拼音=gim-emma vs maikol=0.11), 데이비드(编辑距离3=0.70)]"
speechTranscriber,ko-free-throw-missed-number,할머니 아유 조심해.,95,95,,false,true,,parser_no_action,할머니 아유 조심해. ||  조심해. ||  조심해,failure | 할머니아유조심해 | locale=ko-KR | engine=speechTranscriber | stage=parser | reason=no_parser_match | 原文: 할머니아유조심해 | 拼音: halmeoniayujosimhae | ❌ 全文无匹配: 할머니아유조심해 | 拼音: halmeoniayujosimhae
speechTranscriber,ko-layup-made,앨리스 레이 협성공.,88,88,stat.layupMade,true,true,,parser_action,앨리스 레이 협성공. ||  협성공. ||  역성공. ||  협성공 ||  역성공 ||  역 성공.,"success | 앨리스레이업성공 | locale=ko-KR | engine=speechTranscriber | stage=parser | action=上篮命中 | player=앨리스 | 原文: 앨리스레이업성공 | 拼音: aelliseuleieobseong-gong | 🔍 找到关键词「레이업」 | 左侧原文: 앨리스 | 右侧原文: 성공 | 🔍 关键词: stat.layup | 右侧状态=성공 → 命中(得分=1.00) | 球员匹配: 左侧球员[김민수(拼音=gimminsu vs aelliseu=0.31), 이준호(拼音=ijunho vs aelliseu=0.14), 박지훈(拼音=bagjihun vs aelliseu=0.20), 최서연(拼音=choeseoyeon vs aelliseu=0.05), 김하늘(拼音=gimhaneul vs aelliseu=0.31), 정수빈(拼音=jeongsubin vs aelliseu=0.28), 엠마(拼音=emma vs aelliseu=0.16), 마이클(拼音=maikeul vs aelliseu=0.11), 앨리스(直配1.0), 존(拼音=jon vs aelliseu=0.15), 김엠마(拼音=gim-emma vs aelliseu=0.15), 데이비드(拼音=deibideu vs aelliseu=0.50)]"
speechTranscriber,ko-layup-made-number,그건이 없습니다.,89,89,,false,true,,parser_no_action,그건이 없습니다. ||  없습니다. ||  없습니다 ||  없으면,failure | 그건이없습니다 | locale=ko-KR | engine=speechTranscriber | stage=parser | reason=no_parser_match | 原文: 그건이없습니다 | 拼音: geugeon-ieobs-seubnida | ❌ 全文无匹配: 그건이없습니다 | 拼音: geugeon-ieobs-seubnida
speechTranscriber,ko-layup-missed,존 레이 역시 실패,84,84,stat.layupMissed,true,true,,parser_action,존 레이 역시 실패 ||  역시 실패 ||  역 실패 ||  역시 패 ||  역시 1패 ||  역 1패,"success | 존레이업 실패실패 | locale=ko-KR | engine=speechTranscriber | stage=parser | action=上篮未中 | player=존 | 原文: 존레이업 실패실패 | 拼音: jonleieob silpaesilpae | 🔍 找到关键词「레이업」 | 左侧原文: 존 | 右侧原文: 실패실패 | 🔍 关键词: stat.layup | 右侧状态=실패실패 → 未中(得分=0.50) | 球员匹配: 左侧球员[김민수(拼音=gimminsu vs jon=0.04), 이준호(拼音=ijunho vs jon=0.00), 박지훈(拼音=bagjihun vs jon=0.06), 최서연(拼音=choeseoyeon vs jon=0.00), 김하늘(拼音=gimhaneul vs jon=0.03), 정수빈(拼音=jeongsubin vs jon=0.16), 엠마(拼音=emma vs jon=0.07), 마이클(拼音=maikeul vs jon=0.07), 앨리스(拼音=aelliseu vs jon=0.15), 존(直配1.0), 김엠마(拼音=gim-emma vs jon=0.04), 데이비드(拼音=deibideu vs jon=0.07)]"
speechTranscriber,ko-layup-missed-number,싶어 내일 없이에.,97,97,,false,true,,parser_no_action,싶어 내일 없이에. ||  없이에. ||  시에. ||  시왜. ||  이에.,failure | 싶어내일없이에 | locale=ko-KR | engine=speechTranscriber | stage=parser | reason=no_parser_match | 原文: 싶어내일없이에 | 拼音: sip-eonaeil-eobs-ie | ❌ 全文无匹配: 싶어내일없이에 | 拼音: sip-eonaeil-eobs-ie
speechTranscriber,ko-mid-range-made,김에머 미드 성공,100,100,stat.midRangeMade,true,true,,parser_action,김에머 미드 성공 ||  성공,"success | 김에머미드성공 | locale=ko-KR | engine=speechTranscriber | stage=parser | action=中投命中 | player=김엠마 | 原文: 김에머미드성공 | 拼音: gim-emeomideuseong-gong | 🔍 找到关键词「미드」 | 左侧原文: 김에머 | 右侧原文: 성공 | 🔍 关键词: stat.midRange | 右侧状态=성공 → 命中(得分=1.00) | 球员匹配: 左侧球员[김민수(拼音=gimminsu vs gim-emeo=0.55), 이준호(拼音=ijunho vs gim-emeo=0.20), 박지훈(拼音=bagjihun vs gim-emeo=0.12), 최서연(拼音=choeseoyeon vs gim-emeo=0.05), 김하늘(拼音=gimhaneul vs gim-emeo=0.59), 정수빈(拼音=jeongsubin vs gim-emeo=0.07), 엠마(拼音=emma vs gim-emeo=0.31), 마이클(拼音=maikeul vs gim-emeo=0.16), 앨리스(拼音=aelliseu vs gim-emeo=0.33), 존(拼音=jon vs gim-emeo=0.11), 김엠마(拼音相似0.81), 데이비드(拼音=deibideu vs gim-emeo=0.33)]"
speechTranscriber,ko-mid-range-made-number,11번,85,85,,false,true,,parser_no_action,11번 || 11번  || 1번 || 11번 3 || 11번 다,failure | 11번 | locale=ko-KR | engine=speechTranscriber | stage=parser | reason=no_parser_match | 原文: 11번 | 拼音: 11beon | ❌ 全文无匹配: 11번 | 拼音: 11beon
speechTranscriber,ko-mid-range-missed,데이비드 미드 실패,96,96,stat.midRangeMissed,true,true,,parser_action,데이비드 미드 실패 ||  미드 실패 ||  미드 실패. ||  미드실패 ||  미드 실 ||  미드 패,"success | 데이비드미드실패 | locale=ko-KR | engine=speechTranscriber | stage=parser | action=中投未中 | player=데이비드 | 原文: 데이비드미드실패 | 拼音: deibideumideusilpae | 🔍 找到关键词「미드」 | 左侧原文: 데이비드 | 右侧原文: 실패 | 🔍 关键词: stat.midRange | 右侧状态=실패 → 未中(得分=1.00) | 球员匹配: 左侧球员[김민수(拼音=gimminsu vs deibideu=0.38), 이준호(拼音=ijunho vs deibideu=0.30), 박지훈(拼音=bagjihun vs deibideu=0.20), 최서연(拼音=choeseoyeon vs deibideu=0.05), 김하늘(拼音=gimhaneul vs deibideu=0.37), 정수빈(拼音=jeongsubin vs deibideu=0.12), 엠마(拼音=emma vs deibideu=0.16), 마이클(拼音=maikeul vs deibideu=0.24), 앨리스(拼音=aelliseu vs deibideu=0.50), 존(拼音=jon vs deibideu=0.07), 김엠마(拼音=gim-emma vs deibideu=0.15), 데이비드(直配1.0)]"
speechTranscriber,ko-mid-range-missed-number,12번 미투 실패.,89,89,stat.midRangeMissed,true,true,,parser_action,12번 미투 실패. ||  실패. ||  실패,success | 12번미드실패 | locale=ko-KR | engine=speechTranscriber | stage=parser | action=中投未中 | player=데이비드 | 原文: 12번미드실패 | 拼音: 12beonmideusilpae | 🔍 找到关键词「미드」 | 左侧原文: 12번 | 右侧原文: 실패 | 🔍 关键词: stat.midRange | 右侧状态=실패 → 未中(得分=1.00) | 球员匹配: 号码12直配
speechTranscriber,ko-paint-made,김민수 페인트 성공.,90,90,stat.paintMade,true,true,,parser_action,김민수 페인트 성공. ||  성공. ||  성공 ||  공.,"success | 김민수페인트성공 | locale=ko-KR | engine=speechTranscriber | stage=parser | action=篮下命中 | player=김민수 | 原文: 김민수페인트성공 | 拼音: gimminsupeinteuseong-gong | 🔍 找到关键词「페인트」 | 左侧原文: 김민수 | 右侧原文: 성공 | 🔍 关键词: stat.paint | 右侧状态=성공 → 命中(得分=1.00) | 球员匹配: 左侧球员[김민수(直配1.0), 이준호(拼音=ijunho vs gimminsu=0.24), 박지훈(拼音=bagjihun vs gimminsu=0.16), 최서연(拼音=choeseoyeon vs gimminsu=0.00), 김하늘(拼音=gimhaneul vs gimminsu=0.59), 정수빈(拼音=jeongsubin vs gimminsu=0.08), 엠마(拼音=emma vs gimminsu=0.35), 마이클(拼音=maikeul vs gimminsu=0.10), 앨리스(拼音=aelliseu vs gimminsu=0.31), 존(拼音=jon vs gimminsu=0.12), 김엠마(拼音=gim-emma vs gimminsu=0.50), 데이비드(拼音=deibideu vs gimminsu=0.38)]"
speechTranscriber,ko-paint-made-number,일본 페인 수성공,94,94,,false,true,,parser_no_action,일본 페인 수성공 ||  수성공 ||  두성공 ||  수선공 ||  성공 ||  수공,failure | 일본페인수성공 | locale=ko-KR | engine=speechTranscriber | stage=parser | reason=no_parser_match | 原文: 일본페인수성공 | 拼音: ilbonpeinsuseong-gong | ❌ 全文无匹配: 일본페인수성공 | 拼音: ilbonpeinsuseong-gong
speechTranscriber,ko-paint-missed,이준호 페인트 실패.,87,87,stat.paintMissed,true,true,,parser_action,이준호 페인트 실패. ||  실패. ||  실패,"success | 이준호페인트실패 | locale=ko-KR | engine=speechTranscriber | stage=parser | action=篮下未中 | player=이준호 | 原文: 이준호페인트실패 | 拼音: ijunhopeinteusilpae | 🔍 找到关键词「페인트」 | 左侧原文: 이준호 | 右侧原文: 실패 | 🔍 关键词: stat.paint | 右侧状态=실패 → 未中(得分=1.00) | 球员匹配: 左侧球员[김민수(拼音=gimminsu vs ijunho=0.04), 이준호(直配1.0), 박지훈(拼音=bagjihun vs ijunho=0.00), 최서연(拼音=choeseoyeon vs ijunho=0.11), 김하늘(拼音=gimhaneul vs ijunho=0.00), 정수빈(拼音=jeongsubin vs ijunho=0.16), 엠마(拼音=emma vs ijunho=0.17), 마이클(拼音=maikeul vs ijunho=0.13), 앨리스(拼音=aelliseu vs ijunho=0.11), 존(拼音=jon vs ijunho=0.43), 김엠마(拼音=gim-emma vs ijunho=0.00), 데이비드(编辑距离3=0.70)]"
speechTranscriber,ko-paint-missed-number,번 메인 수실에,90,90,,false,true,,parser_no_action,번 메인 수실에 ||  수실에 ||  두실에 ||  실에. ||  실에,failure | 번메인수실에 | locale=ko-KR | engine=speechTranscriber | stage=parser | reason=no_parser_match | 原文: 번메인수실에 | 拼音: beonmeinsusil-e | ❌ 全文无匹配: 번메인수실에 | 拼音: beonmeinsusil-e
speechTranscriber,ko-putback-made,박지훈 태백성공.,105,105,stat.putbackMade,true,true,,parser_action,박지훈 태백성공. ||  태백성공. ||  백성공. ||  고백성공. ||  태백 성공. ||  백 성공.,"success | 박지훈팟백성공 | locale=ko-KR | engine=speechTranscriber | stage=parser | action=补篮命中 | player=박지훈 | 原文: 박지훈팟백성공 | 拼音: bagjihunpasbaegseong-gong | 🔍 找到关键词「팟백」 | 左侧原文: 박지훈 | 右侧原文: 성공 | 🔍 关键词: stat.putback | 右侧状态=성공 → 命中(得分=1.00) | 球员匹配: 左侧球员[김민수(拼音=gimminsu vs bagjihun=0.16), 이준호(拼音=ijunho vs bagjihun=0.24), 박지훈(直配1.0), 최서연(拼音=choeseoyeon vs bagjihun=0.05), 김하늘(拼音=gimhaneul vs bagjihun=0.09), 정수빈(拼音=jeongsubin vs bagjihun=0.14), 엠마(拼音=emma vs bagjihun=0.09), 마이클(拼音=maikeul vs bagjihun=0.20), 앨리스(拼音=aelliseu vs bagjihun=0.20), 존(拼音=jon vs bagjihun=0.20), 김엠마(拼音=gim-emma vs bagjihun=0.10), 데이비드(拼音=deibideu vs bagjihun=0.20)]"
speechTranscriber,ko-putback-made-number,3번 830.,89,89,,false,true,,parser_no_action,3번 830. ||  830. ||  팟30. ||  30. ||  아30.,failure | 3번 830 | locale=ko-KR | engine=speechTranscriber | stage=parser | reason=no_parser_match | 原文: 3번 830 | 拼音: 3beon 830 | ❌ 全文无匹配: 3번 830 | 拼音: 3beon 830
speechTranscriber,ko-putback-missed,최서연 100 실패.,92,92,stat.putbackMissed,true,true,,parser_action,최서연 100 실패. ||  100 실패. ||  팟10 실패. ||  110 실패. ||  10 실패. ||  팟0 실패.,"success | 최서연 팟백 실패 | locale=ko-KR | engine=speechTranscriber | stage=parser | action=补篮未中 | player=최서연 | 原文: 최서연 팟백 실패 | 拼音: choeseoyeon pasbaeg silpae | 🔍 找到关键词「팟백」 | 左侧原文: 최서연 | 右侧原文: 실패 | 🔍 关键词: stat.putback | 右侧状态=실패 → 未中(得分=1.00) | 球员匹配: 左侧球员[김민수(拼音=gimminsu vs choeseoyeon=0.10), 이준호(拼音=ijunho vs choeseoyeon=0.15), 박지훈(拼音=bagjihun vs choeseoyeon=0.15), 최서연(直配1.0), 김하늘(拼音=gimhaneul vs choeseoyeon=0.29), 정수빈(拼音=jeongsubin vs choeseoyeon=0.20), 엠마(拼音=emma vs choeseoyeon=0.14), 마이클(拼音=maikeul vs choeseoyeon=0.24), 앨리스(拼音=aelliseu vs choeseoyeon=0.28), 존(拼音=jon vs choeseoyeon=0.18), 김엠마(拼音=gim-emma vs choeseoyeon=0.15), 데이비드(拼音=deibideu vs choeseoyeon=0.24)]"
speechTranscriber,ko-putback-missed-number,4번 맛 택시에.,93,93,,false,true,,parser_no_action,4번 맛 택시에. ||  맛 택시에. ||  맛 시에. ||  맛 심에. ||  맛 실에. ||  맛시에.,failure | 4번맛택시에 | locale=ko-KR | engine=speechTranscriber | stage=parser | reason=no_parser_match | 原文: 4번맛택시에 | 拼音: 4beonmastaegsie | ❌ 全文无匹配: 4번맛택시에 | 拼音: 4beonmastaegsie
speechTranscriber,ko-dunk-made,김하늘 덩크 성공.,94,95,stat.dunkMade,true,true,,parser_action,김하늘 덩크 성공. ||  성공. ||  성공,"success | 김하늘덩크성공 | locale=ko-KR | engine=speechTranscriber | stage=parser | action=扣篮命中 | player=김하늘 | 原文: 김하늘덩크성공 | 拼音: gimhaneuldeongkeuseong-gong | 🔍 找到关键词「덩크」 | 左侧原文: 김하늘 | 右侧原文: 성공 | 🔍 关键词: stat.dunk | 右侧状态=성공 → 命中(得分=1.00) | 球员匹配: 左侧球员[김민수(拼音=gimminsu vs gimhaneul=0.59), 이준호(拼音=ijunho vs gimhaneul=0.20), 박지훈(拼音=bagjihun vs gimhaneul=0.18), 최서연(拼音=choeseoyeon vs gimhaneul=0.05), 김하늘(直配1.0), 정수빈(拼音=jeongsubin vs gimhaneul=0.07), 엠마(拼音=emma vs gimhaneul=0.28), 마이클(拼音=maikeul vs gimhaneul=0.48), 앨리스(拼音=aelliseu vs gimhaneul=0.31), 존(拼音=jon vs gimhaneul=0.17), 김엠마(拼音=gim-emma vs gimhaneul=0.43), 데이비드(拼音=deibideu vs gimhaneul=0.37)]"
speechTranscriber,ko-dunk-made-number,.,88,88,,false,true,,parser_no_action,. || 오. || 남. || 오 . || 남 .,failure |  | locale=ko-KR | engine=speechTranscriber | stage=parser | reason=no_parser_match | ❌ 全文无匹配:  | 拼音: 
speechTranscriber,ko-dunk-missed,정수빈 덩크 실패.,89,89,stat.dunkMissed,true,true,,parser_action,정수빈 덩크 실패. ||  덩크 실패. ||  덩크 실패 ||  덩크 실. ||  크 실패. ||  덩 실패.,"success | 정수빈덩크실패 | locale=ko-KR | engine=speechTranscriber | stage=parser | action=扣篮未中 | player=정수빈 | 原文: 정수빈덩크실패 | 拼音: jeongsubindeongkeusilpae | 🔍 找到关键词「덩크」 | 左侧原文: 정수빈 | 右侧原文: 실패 | 🔍 关键词: stat.dunk | 右侧状态=실패 → 未中(得分=1.00) | 球员匹配: 左侧球员[김민수(拼音=gimminsu vs jeongsubin=0.08), 이준호(拼音=ijunho vs jeongsubin=0.16), 박지훈(拼音=bagjihun vs jeongsubin=0.26), 최서연(拼音=choeseoyeon vs jeongsubin=0.19), 김하늘(拼音=gimhaneul vs jeongsubin=0.12), 정수빈(直配1.0), 엠마(拼音=emma vs jeongsubin=0.13), 마이클(拼音=maikeul vs jeongsubin=0.22), 앨리스(拼音=aelliseu vs jeongsubin=0.28), 존(拼音=jon vs jeongsubin=0.20), 김엠마(拼音=gim-emma vs jeongsubin=0.06), 데이비드(拼音=deibideu vs jeongsubin=0.12)]"
speechTranscriber,ko-dunk-missed-number,5번 넘교실에.,90,90,,false,true,,parser_no_action,5번 넘교실에. ||  넘교실에. ||  넘교실에 ||  넘 실에. ||  넘 실해. ||  넘 실에,failure | 5번넘교실에 | locale=ko-KR | engine=speechTranscriber | stage=parser | reason=no_parser_match | 原文: 5번넘교실에 | 拼音: 5beonneomgyosil-e | ❌ 全文无匹配: 5번넘교실에 | 拼音: 5beonneomgyosil-e
speechTranscriber,ko-foul,엠마 파울,78,78,stat.foul,true,true,,parser_action,엠마 파울 || 엠마파울 || 덴마 파울 || 엠마 파 || 엠 파울,"success | 엠마파울 | locale=ko-KR | engine=speechTranscriber | stage=parser | action=犯规 | player=엠마 | 原文: 엠마파울 | 拼音: emmapaul | 🔍 找到关键词「파울」 | 左侧原文: 엠마 | 右侧原文: 空 | 球员匹配: 左侧球员[김민수(拼音=gimminsu vs emma=0.12), 이준호(拼音=ijunho vs emma=0.08), 박지훈(拼音=bagjihun vs emma=0.00), 최서연(拼音=choeseoyeon vs emma=0.04), 김하늘(拼音=gimhaneul vs emma=0.11), 정수빈(拼音=jeongsubin vs emma=0.00), 엠마(直配1.0), 마이클(拼音=maikeul vs emma=0.00), 앨리스(拼音=aelliseu vs emma=0.05), 존(拼音=jon vs emma=0.07), 김엠마(姓名片段0.86), 데이비드(拼音=deibideu vs emma=0.00)]"
speechTranscriber,ko-foul-number,실본 마을.,92,92,,false,true,,parser_no_action,실본 마을. || 1번 마을. || 실문 마을. || 1본 마을. || 실본마을.,failure | 실본마을 | locale=ko-KR | engine=speechTranscriber | stage=parser | reason=no_parser_match | 原文: 실본마을 | 拼音: silbonma-eul | ❌ 全文无匹配: 실본마을 | 拼音: silbonma-eul
speechTranscriber,ko-rebound,마이콜 리바운드,78,78,stat.rebound,true,true,,parser_action,마이콜 리바운드 ||  리바운드 ||  리바운드.,"success | 마이콜리바운드 | locale=ko-KR | engine=speechTranscriber | stage=parser | action=篮板 | player=마이클 | 原文: 마이콜리바운드 | 拼音: maikollibaundeu | 🔍 找到关键词「리바운드」 | 左侧原文: 마이콜 | 右侧原文: 空 | 球员匹配: 左侧球员[김민수(拼音=gimminsu vs maikol=0.11), 이준호(拼音=ijunho vs maikol=0.05), 박지훈(拼音=bagjihun vs maikol=0.12), 최서연(拼音=choeseoyeon vs maikol=0.00), 김하늘(拼音=gimhaneul vs maikol=0.16), 정수빈(拼音=jeongsubin vs maikol=0.04), 엠마(拼音=emma vs maikol=0.15), 마이클(编辑距离1=0.80), 앨리스(拼音=aelliseu vs maikol=0.05), 존(拼音=jon vs maikol=0.27), 김엠마(拼音=gim-emma vs maikol=0.11), 데이비드(编辑距离3=0.70)]"
speechTranscriber,ko-rebound-number,아니 마운드,87,87,,false,true,,parser_no_action,아니 마운드 ||  마운드,failure | 아니리바운드 | locale=ko-KR | engine=speechTranscriber | stage=parser | reason=player_not_matched | action=stat.rebound | 原文: 아니리바운드 | 拼音: anilibaundeu | 🔍 找到关键词「리바운드」 | 左侧原文: 아니 | 右侧原文: 空 | ❌ 未匹配到球员 | 左侧文本: 아니 | 拼音: anilibaundeu || failure | 아니리바운드 | locale=ko-KR | engine=speechTranscriber | stage=parser | reason=parser_failure | action=stat.rebound | 🔍 找到关键词「리바운」 | 左侧原文: 아니 | 右侧原文: 드 || failure | 아니리바운드 | locale=ko-KR | engine=speechTranscriber | stage=parser | reason=player_not_matched | action=stat.rebound | ❌ 未匹配到球员 | 左侧文本: 아니 | 拼音: anilibaundeu || failure | 아니리바운드 | locale=ko-KR | engine=speechTranscriber | stage=parser | reason=parser_failure | action=stat.rebound | 🔍 统计拼音回退: 关键词pinyin=libaundeu | 左侧拼音: ani | 右侧拼音: 空 || failure | 아니리바운드 | locale=ko-KR | engine=speechTranscriber | stage=parser | reason=player_not_matched | action=stat.rebound | ❌ 统计拼音回退: 未匹配到球员 | 左侧拼音: ani
speechTranscriber,ko-offensive-rebound,앨리스 공격리 바운드.,94,94,stat.offensiveRebound,true,true,,parser_action,앨리스 공격리 바운드. ||  바운드. ||  바운드 ||  마운드.,"success | 앨리스공격리바운드 | locale=ko-KR | engine=speechTranscriber | stage=parser | action=前场板 | player=앨리스 | 原文: 앨리스공격리바운드 | 拼音: aelliseugong-gyeoglibaundeu | 🔍 找到关键词「공격 리바운드」 | 左侧原文: 앨리스 | 右侧原文: 空 | 球员匹配: 左侧球员[김민수(拼音=gimminsu vs aelliseu=0.31), 이준호(拼音=ijunho vs aelliseu=0.14), 박지훈(拼音=bagjihun vs aelliseu=0.20), 최서연(拼音=choeseoyeon vs aelliseu=0.05), 김하늘(拼音=gimhaneul vs aelliseu=0.31), 정수빈(拼音=jeongsubin vs aelliseu=0.28), 엠마(拼音=emma vs aelliseu=0.16), 마이클(拼音=maikeul vs aelliseu=0.11), 앨리스(直配1.0), 존(拼音=jon vs aelliseu=0.15), 김엠마(拼音=gim-emma vs aelliseu=0.15), 데이비드(拼音=deibideu vs aelliseu=0.50)]"
speechTranscriber,ko-offensive-rebound-number,고 리마운드.,100,100,stat.defensiveRebound,false,true,,parser_action,고 리마운드. ||  리마운드. ||  리바운드.,"success | 고리바운드 | locale=ko-KR | engine=speechTranscriber | stage=parser | action=后场板 | player=존 | 原文: 고리바운드 | 拼音: golibaundeu | 🔍 找到关键词「리바운드」 | 左侧原文: 고 | 右侧原文: 空 | 球员匹配: 左侧球员[김민수(拼音=gimminsu vs go=0.12), 이준호(拼音=ijunho vs go=0.00), 박지훈(拼音=bagjihun vs go=0.06), 최서연(拼音=choeseoyeon vs go=0.00), 김하늘(拼音=gimhaneul vs go=0.11), 정수빈(拼音=jeongsubin vs go=0.06), 엠마(拼音=emma vs go=0.00), 마이클(拼音=maikeul vs go=0.07), 앨리스(拼音=aelliseu vs go=0.07), 존(编辑距离1=0.80), 김엠마(拼音=gim-emma vs go=0.12), 데이비드(拼音=deibideu vs go=0.07)]"
speechTranscriber,ko-defensive-rebound,존스 비리 바운드,88,88,stat.defensiveRebound,true,true,,parser_action,존스 비리 바운드 || 존스빌리바운드 || 존스 비리바운드 || 존스빌리 바운드 || 존스 빌리바운드,"success | 존스비리바운드 | locale=ko-KR | engine=speechTranscriber | stage=parser | action=后场板 | player=존 | 原文: 존스비리바운드 | 拼音: jonseubilibaundeu | 🔍 找到关键词「리바운드」 | 左侧原文: 존스비 | 右侧原文: 空 | 球员匹配: 左侧球员[김민수(拼音=gimminsu vs jonseubi=0.14), 이준호(拼音=ijunho vs jonseubi=0.07), 박지훈(拼音=bagjihun vs jonseubi=0.12), 최서연(拼音=choeseoyeon vs jonseubi=0.02), 김하늘(拼音=gimhaneul vs jonseubi=0.11), 정수빈(拼音=jeongsubin vs jonseubi=0.16), 엠마(拼音=emma vs jonseubi=0.16), 마이클(拼音=maikeul vs jonseubi=0.31), 앨리스(拼音=aelliseu vs jonseubi=0.25), 존(直配1.0), 김엠마(拼音=gim-emma vs jonseubi=0.20), 데이비드(编辑距离3=0.70)]"
speechTranscriber,ko-defensive-rebound-number,시퍼 소 바운드.,94,94,stat.defensiveRebound,true,true,,parser_action,시퍼 소 바운드. ||  소 바운드. ||  소바운드. ||  소리 바운드. ||  소 마운드. ||  소 바운드,"success | 소리바운드 | locale=ko-KR | engine=speechTranscriber | stage=parser | action=后场板 | player=존 | 原文: 소리바운드 | 拼音: solibaundeu | 🔍 找到关键词「리바운드」 | 左侧原文: 소 | 右侧原文: 空 | 球员匹配: 左侧球员[김민수(拼音=gimminsu vs so=0.00), 이준호(拼音=ijunho vs so=0.00), 박지훈(拼音=bagjihun vs so=0.06), 최서연(拼音=choeseoyeon vs so=0.05), 김하늘(拼音=gimhaneul vs so=0.00), 정수빈(拼音=jeongsubin vs so=0.06), 엠마(拼音=emma vs so=0.00), 마이클(拼音=maikeul vs so=0.07), 앨리스(拼音=aelliseu vs so=0.07), 존(编辑距离1=0.80), 김엠마(拼音=gim-emma vs so=0.00), 데이비드(拼音=deibideu vs so=0.07)]"
speechTranscriber,ko-assist,김애마 어시스트,83,83,stat.assist,true,true,,parser_action,김애마 어시스트 || 김애머 어시스트 || 김애먼 어시스트 || 김애멀 어시스트 || 김애 어시스트,"success | 김엠마어어시스트 | locale=ko-KR | engine=speechTranscriber | stage=parser | action=助攻 | player=김엠마 | 原文: 김엠마어어시스트 | 拼音: gim-emma-eoeosiseuteu | 🔍 找到关键词「어시스트」 | 左侧原文: 김엠마어 | 右侧原文: 空 | 球员匹配: 左侧球员[김민수(拼音=gimminsu vs gim-emma-eo=0.36), 이준호(拼音=ijunho vs gim-emma-eo=0.11), 박지훈(拼音=bagjihun vs gim-emma-eo=0.08), 최서연(拼音=choeseoyeon vs gim-emma-eo=0.05), 김하늘(拼音=gimhaneul vs gim-emma-eo=0.35), 정수빈(拼音=jeongsubin vs gim-emma-eo=0.06), 엠마(直配1.0), 마이클(拼音=maikeul vs gim-emma-eo=0.15), 앨리스(拼音=aelliseu vs gim-emma-eo=0.26), 존(拼音=jon vs gim-emma-eo=0.08), 김엠마(直配1.0), 데이비드(拼音=deibideu vs gim-emma-eo=0.26)]"
speechTranscriber,ko-assist-number,11번너시스트.,100,100,stat.assist,true,true,,parser_action,11번너시스트. || 11번너시스트 || 11 건너시스트. || 11 번너시스트 || 11 건너시스트,success | 11번너어시스트 | locale=ko-KR | engine=speechTranscriber | stage=parser | action=助攻 | player=김엠마 | 原文: 11번너어시스트 | 拼音: 11beonneoeosiseuteu | 🔍 找到关键词「어시스트」 | 左侧原文: 11번너 | 右侧原文: 空 | 球员匹配: 号码11直配
speechTranscriber,ko-block,데이비드 블록,80,80,stat.block,true,true,,parser_action,데이비드 블록 ||  블록 ||  블룩 ||  블루 ||  글록 ||  블로,"success | 데이비드블록 | locale=ko-KR | engine=speechTranscriber | stage=parser | action=封盖 | player=데이비드 | 原文: 데이비드블록 | 拼音: deibideubeullog | 🔍 找到关键词「블록」 | 左侧原文: 데이비드 | 右侧原文: 空 | 球员匹配: 左侧球员[김민수(拼音=gimminsu vs deibideu=0.38), 이준호(拼音=ijunho vs deibideu=0.30), 박지훈(拼音=bagjihun vs deibideu=0.20), 최서연(拼音=choeseoyeon vs deibideu=0.05), 김하늘(拼音=gimhaneul vs deibideu=0.37), 정수빈(拼音=jeongsubin vs deibideu=0.12), 엠마(拼音=emma vs deibideu=0.16), 마이클(拼音=maikeul vs deibideu=0.24), 앨리스(拼音=aelliseu vs deibideu=0.50), 존(拼音=jon vs deibideu=0.07), 김엠마(拼音=gim-emma vs deibideu=0.15), 데이비드(直配1.0)]"
speechTranscriber,ko-block-number,12 터미널.,94,94,,false,true,,parser_no_action,12 터미널. || 12 터미널 || 12터미널. || 12터미널 || 12 터밀로.,failure | 12 터미널 | locale=ko-KR | engine=speechTranscriber | stage=parser | reason=no_parser_match | 原文: 12 터미널 | 拼音: 12 teomineol | ❌ 全文无匹配: 12 터미널 | 拼音: 12 teomineol
speechTranscriber,ko-steal,김민수 스필,79,79,stat.steal,true,true,,parser_action,김민수 스필 ||  스필 ||  스틸 ||  스피 ||  스필드 ||  스,"success | 김민수스틸 | locale=ko-KR | engine=speechTranscriber | stage=parser | action=抢断 | player=김민수 | 原文: 김민수스틸 | 拼音: gimminsuseutil | 🔍 找到关键词「스틸」 | 左侧原文: 김민수 | 右侧原文: 空 | 球员匹配: 左侧球员[김민수(直配1.0), 이준호(拼音=ijunho vs gimminsu=0.24), 박지훈(拼音=bagjihun vs gimminsu=0.16), 최서연(拼音=choeseoyeon vs gimminsu=0.00), 김하늘(拼音=gimhaneul vs gimminsu=0.59), 정수빈(拼音=jeongsubin vs gimminsu=0.08), 엠마(拼音=emma vs gimminsu=0.35), 마이클(拼音=maikeul vs gimminsu=0.10), 앨리스(拼音=aelliseu vs gimminsu=0.31), 존(拼音=jon vs gimminsu=0.12), 김엠마(拼音=gim-emma vs gimminsu=0.50), 데이비드(拼音=deibideu vs gimminsu=0.38)]"
speechTranscriber,ko-steal-number,1번 일.,83,83,,false,true,,parser_no_action,1번 일. ||  일. ||  수일. ||  일,failure | 1번일 | locale=ko-KR | engine=speechTranscriber | stage=parser | reason=no_parser_match | 原文: 1번일 | 拼音: 1beon-il | ❌ 全文无匹配: 1번일 | 拼音: 1beon-il
speechTranscriber,ko-turnover,이준호 오버,79,79,stat.turnover,true,true,,parser_action,이준호 오버 || 이준호오버 || 이준호노버 || 이준호버 || 이준 호오버,"success | 이준호턴오버 | locale=ko-KR | engine=speechTranscriber | stage=parser | action=失误 | player=이준호 | 原文: 이준호턴오버 | 拼音: ijunhoteon-obeo | 🔍 找到关键词「턴오버」 | 左侧原文: 이준호 | 右侧原文: 空 | 球员匹配: 左侧球员[김민수(拼音=gimminsu vs ijunho=0.04), 이준호(直配1.0), 박지훈(拼音=bagjihun vs ijunho=0.00), 최서연(拼音=choeseoyeon vs ijunho=0.11), 김하늘(拼音=gimhaneul vs ijunho=0.00), 정수빈(拼音=jeongsubin vs ijunho=0.16), 엠마(拼音=emma vs ijunho=0.17), 마이클(拼音=maikeul vs ijunho=0.13), 앨리스(拼音=aelliseu vs ijunho=0.11), 존(拼音=jon vs ijunho=0.43), 김엠마(拼音=gim-emma vs ijunho=0.00), 데이비드(编辑距离3=0.70)]"
speechTranscriber,ko-turnover-number,이번 노버.,86,86,stat.turnover,true,true,,parser_action,이번 노버. ||  노버. ||  노브. ||  로버. ||  버. ||  어.,success | 2번턴오버 | locale=ko-KR | engine=speechTranscriber | stage=parser | action=失误 | player=이준호 | 原文: 2번턴오버 | 拼音: 2beonteon-obeo | 🔍 找到关键词「턴오버」 | 左侧原文: 2번 | 右侧原文: 空 | 球员匹配: 号码2直配
speechTranscriber,ko-assist-two,박지훈 시스트 최서연 투,92,92,stat.assistTwoMade,true,true,,parser_action,박지훈 시스트 최서연 투 ||  최서연 투 ||  최서현 투 ||  최서연투,success | 박지훈어시스트최서연투 | locale=ko-KR | engine=speechTranscriber | stage=parser | action=助攻 + 2分命中 | player=박지훈 → 최서연 | 原文: 박지훈어시스트최서연투 | 拼音: bagjihun-eosiseuteuchoeseoyeontu | 🔍 找到关键词「어시스트」 | 左侧原文: 박지훈 | 右侧原文: 최서연투 | 双事件: 박지훈助攻최서연2分命中
speechTranscriber,ko-assist-two-number,삼 노시스 투 사 투.,102,102,stat.assist,false,false,,parser_action,삼 노시스 투 사 투. ||  투. ||  투,"success | 삼어시스트투사투 | locale=ko-KR | engine=speechTranscriber | stage=parser | action=助攻 | player=존 | 原文: 삼어시스트투사투 | 拼音: sam-eosiseuteutusatu | 🔍 找到关键词「어시스트」 | 左侧原文: 삼 | 右侧原文: 투사투 | 球员匹配: 左侧球员[김민수(拼音=gimminsu vs sam=0.16), 이준호(拼音=ijunho vs sam=0.00), 박지훈(拼音=bagjihun vs sam=0.12), 최서연(拼音=choeseoyeon vs sam=0.05), 김하늘(拼音=gimhaneul vs sam=0.14), 정수빈(拼音=jeongsubin vs sam=0.04), 엠마(拼音=emma vs sam=0.25), 마이클(拼音=maikeul vs sam=0.14), 앨리스(拼音=aelliseu vs sam=0.05), 존(编辑距离1=0.80), 김엠마(拼音=gim-emma vs sam=0.16), 데이비드(拼音=deibideu vs sam=0.05)]"
speechTranscriber,ko-assist-three,김하늘어 시스트정 수빈3,94,94,stat.assistThreeMade,true,true,,parser_action,김하늘어 시스트정 수빈3 ||  수빈3 ||  수빈 3 ||  수빈쓰 ||  수빈3리 ||  수빈 3리,success | 김하늘어어시스트정수빈 쓰리 | locale=ko-KR | engine=speechTranscriber | stage=parser | action=助攻 + 3分命中 | player=김하늘 → 정수빈 | 原文: 김하늘어어시스트정수빈 쓰리 | 拼音: gimhaneul-eoeosiseuteujeongsubin sseuli | 🔍 找到关键词「어시스트」 | 左侧原文: 김하늘어 | 右侧原文: 정수빈 쓰리 | 双事件: 김하늘助攻정수빈3分命中
speechTranscriber,ko-assist-three-number,시스 투 육 투 쓰리.,96,97,,false,false,,parser_no_action,시스 투 육 투 쓰리. ||  육 투 쓰리. ||  육 쓰리. ||  투 쓰리. ||  쓰리. ||  유 쓰리.,failure | 시스투육투쓰리 | locale=ko-KR | engine=speechTranscriber | stage=parser | reason=player_not_matched | action=stat.twoMade | 原文: 시스투육투쓰리 | 拼音: siseutuyugtusseuli | 🔍 找到关键词「투」 | 左侧原文: 시스 | 右侧原文: 육투쓰리 | 🔍 关键词: stat.two | 右侧状态=육투쓰리 → 命中(得分=0.18) | ❌ 未匹配到球员 | 左侧文本: 시스 | 拼音: siseutuyugtusseuli || failure | 시스투육투쓰리 | locale=ko-KR | engine=speechTranscriber | stage=parser | reason=parser_failure | action=stat.three | 🔍 找到关键词「쓰리」 | 左侧原文: 시스투육투 | 右侧原文: 空 || failure | 시스투육투쓰리 | locale=ko-KR | engine=speechTranscriber | stage=parser | reason=parser_failure | action=stat.threeMade | 🔍 关键词: stat.three | 右侧状态=空 → 默认命中(得分=0.00) || failure | 시스투육투쓰리 | locale=ko-KR | engine=speechTranscriber | stage=parser | reason=player_not_matched | action=stat.threeMade | ❌ 未匹配到球员 | 左侧文本: 시스투육투 | 拼音: siseutuyugtusseuli || failure | 시스투육투쓰리 | locale=ko-KR | engine=speechTranscriber | stage=parser | reason=parser_failure | action=stat.two | 🔍 拼音回退: 关键词pinyin=tu | 左侧拼音: siseu | 右侧拼音: yugtusseuli || failure | 시스투육투쓰리 | locale=ko-KR | engine=speechTranscriber | stage=parser | reason=player_not_matched | action=stat.twoMade | ❌ 拼音回退: 未匹配到球员 | 左侧拼音: siseu
speechTranscriber,ko-steal-turnover,엠마 스틸 마이컬.,87,87,stat.stealTurnover,true,true,,parser_action,엠마 스틸 마이컬. ||  마이컬. ||  마이클. ||  마이콜. ||  마이컬 ||  마이클,success | 엠마스틸마이컬 | locale=ko-KR | engine=speechTranscriber | stage=parser | action=抢断 + 失误 | player=엠마 → 마이클 | 原文: 엠마스틸마이컬 | 拼音: emmaseutilmaikeol | 🔍 找到关键词「스틸」 | 左侧原文: 엠마 | 右侧原文: 마이컬 | 双事件: 엠마抢断마이클
speechTranscriber,ko-steal-turnover-number,7번 18번.,98,98,,false,false,,parser_no_action,7번 18번. ||  18번. ||  18분. ||  78번. ||  18번,failure | 7번 18번 | locale=ko-KR | engine=speechTranscriber | stage=parser | reason=no_parser_match | 原文: 7번 18번 | 拼音: 7beon 18beon | ❌ 全文无匹配: 7번 18번 | 拼音: 7beon 18beon
speechTranscriber,ko-start,시작,70,70,event.period,true,true,,parser_action,시작 || 시작. || 시 || 작,
speechTranscriber,ko-start-number,연기 시작.,84,84,event.period,true,true,,parser_action,연기 시작. || 경기 시작. || 변기 시작. || 여기 시작. || 연기시작.,
speechTranscriber,ko-pause,타임아웃,77,77,event.pause,true,true,,parser_action,타임아웃 || 타임아 || 타임 아웃 || 타임아웃웃 || 타임웃,
speechTranscriber,ko-pause-number,460,87,87,,true,true,,parser_no_action,460 || 아이 60 || 타이 60 || 아이60 || 타이60,failure | 460 | locale=ko-KR | engine=speechTranscriber | stage=parser | reason=no_parser_match | 原文: 460 | 拼音: 460 | ❌ 全文无匹配: 460 | 拼音: 460
speechTranscriber,ko-game-end,경기 종료,86,86,event.game_end,true,true,,parser_action,경기 종료 || 경기종료 || 경기 종요 || 경기 종 || 경기 종역,
speechTranscriber,ko-game-end-number,여기 점이요.,90,90,,true,true,,parser_no_action,여기 점이요. || 여기 점요. || 여기점이요. || 여기점요. || 점기점요.,failure | 여기점이요 | locale=ko-KR | engine=speechTranscriber | stage=parser | reason=no_parser_match | 原文: 여기점이요 | 拼音: yeogijeom-iyo | ❌ 全文无匹配: 여기점이요 | 拼音: yeogijeom-iyo
speechTranscriber,ko-undo,실행 취소,77,77,event.undo,true,true,,parser_action,실행 취소 ||  취소 ||  취소. ||  취속 ||  지소 ||  취,
speechTranscriber,ko-undo-number,마지막 실행 취소.,100,100,event.undo,true,true,,parser_action,마지막 실행 취소. ||  취소. ||  주소. ||  주이소. ||  주리소. ||  취리소.,
speechTranscriber,ko-redo,세실행,75,75,event.redo,true,true,,parser_action,세실행 || 제실행 || 재실행 || 실행 || 새실행,
speechTranscriber,ko-redo-number,마지막 일행.,93,93,,true,true,,parser_no_action,마지막 일행. ||  일행. ||  행. ||  일래. ||  이행. ||  행,failure | 마지막일행 | locale=ko-KR | engine=speechTranscriber | stage=parser | reason=no_parser_match | 原文: 마지막일행 | 拼音: majimag-ilhaeng | ❌ 全文无匹配: 마지막일행 | 拼音: majimag-ilhaeng
speechTranscriber,ko-substitution,김민숙 교체 이준호.,113,113,event.substitution,true,true,,parser_action,김민숙 교체 이준호. ||  교체 이준호. ||  교체 이준호 ||  교체의 이준호. ||  교체의 이준호,success | 김민숙교체이준호 | locale=ko-KR | engine=speechTranscriber | stage=parser | action=换人 | player=김민수→이준호 | 原文: 김민숙교체이준호 | 拼音: gimminsuggyocheijunho
speechTranscriber,ko-substitution-number,일본 요제 일본.,91,92,,false,false,,parser_no_action,일본 요제 일본. ||  일본. ||  일본 ||  본,failure | 일본요제일본 | locale=ko-KR | engine=speechTranscriber | stage=parser | reason=no_parser_match | 原文: 일본요제일본 | 拼音: ilbon-yojeilbon | ❌ 全文无匹配: 일본요제일본 | 拼音: ilbon-yojeilbon
speechTranscriber,de-two-made,Lukas Weber 2 getroffen,282,282,stat.twoMade,true,true,,,Lukas Weber 2 getroffen ||  2 getroffen ||  zwei getroffen ||  2 ||  getroffen,
speechTranscriber,de-two-made-number,Nummer zwei getroffen.,105,105,stat.twoMade,false,true,,,Nummer zwei getroffen. ||  getroffen.,
speechTranscriber,de-two-missed,Jana Fischer 2 verfehlt,114,114,stat.twoMissed,true,true,,,Jana Fischer 2 verfehlt ||  2 verfehlt ||  verfehlt,
speechTranscriber,de-two-missed-number,Nummer zwei.,126,126,stat.twoMade,true,true,,,Nummer zwei. ||  zwei. ||  zweiählt. ||  zweiählt ||  zweifehl ||  zweifehl.,
speechTranscriber,de-three-made,Michael Müller 3 getroffen,128,128,stat.threeMade,true,true,,,Michael Müller 3 getroffen ||  Müller 3 getroffen ||  Müller drei getroffen ||  Müller getroffen ||  Müller 3 ||  3 getroffen,
speechTranscriber,de-three-made-number,Nummer drei drei getroffen.,139,140,stat.threeMade,true,true,,,Nummer drei drei getroffen. ||  getroffen. ||  getroffen,
speechTranscriber,de-three-missed,Sophie Schmidt drei verfehlt,141,141,stat.threeMissed,true,true,,,"Sophie Schmidt drei verfehlt || Sophie Schmidt 3 verfehlt || Sophie Schmidt verfehlt || Sophie Schmidt, drei verfehlt || Sophieitt drei verfehlt",
speechTranscriber,de-three-missed-number,,,,,false,false,未识别：%@,,,
speechTranscriber,de-bonus-made,Thomas Wagner-Bonus getroffen,150,150,stat.bonusMade,true,true,,,Thomas Wagner-Bonus getroffen ||  Wagner-Bonus getroffen ||  Wagner Bonus getroffen ||  Wagner- Bonus getroffen ||  Wagner-Bonus ||  WagnerBonus getroffen,
speechTranscriber,de-bonus-made-number,Nummer 5 muss getroffen.,168,168,stat.bonusMade,true,true,,,Nummer 5 muss getroffen. ||  muss getroffen. ||  muss getroffen ||  getroffen. ||  muss.,
speechTranscriber,de-bonus-missed,Elmar Keller Bonus verfehlt,148,148,stat.bonusMissed,true,true,,,Elmar Keller Bonus verfehlt ||  verfehlt ||  verfehl,
speechTranscriber,de-bonus-missed-number,"Nummer sechs, Nummer mehr fehlt.",146,146,,false,true,,,"Nummer sechs, Nummer mehr fehlt. ||  sechs, Nummer mehr fehlt. ||  sechs Nummer mehr fehlt. ||  sechs, Nummer fehlt. ||  sechs mehr fehlt. ||  sechs, mehr fehlt.",
speechTranscriber,de-free-throw-made,David Freiwurf getroffen,143,143,stat.freeThrowMade,true,true,,,David Freiwurf getroffen || David Freiwurf || Freiwurf getroffen || David Freiwur getroffen || Da Freiwurf getroffen,
speechTranscriber,de-free-throw-made-number,Nummer 7 Freiwurf getroffen.,165,165,stat.freeThrowMade,true,true,,,Nummer 7 Freiwurf getroffen. ||  7 Freiwurf getroffen. ||  sie Freiwurf getroffen. ||  Freiwurf getroffen. ||  7 Freiurf getroffen. ||  7 Freiwur getroffen.,
speechTranscriber,de-free-throw-missed,Alice Freiwurf verfehlt,106,106,stat.freeThrowMissed,true,true,,,Alice Freiwurf verfehlt || Alice Freiwurf verfehl || Freiwurf verfehlt || Alice Freiwur verfehlt || Alice Freiwur verfehl,
speechTranscriber,de-free-throw-missed-number,,,,,false,false,未识别：%@,,,
speechTranscriber,de-layup-made,James Leib getroffen,107,107,stat.layupMade,true,true,,,James Leib getroffen ||  Leib getroffen ||  Leib wird getroffen ||  Leib ||  Leib wird ||  Lei getroffen,
speechTranscriber,de-layup-made-number,Nummer 9 Leib getroffen,130,131,stat.layupMade,true,true,,,Nummer 9 Leib getroffen ||  Leib getroffen ||  getroffen ||  Lei getroffen ||  L getroffen,
speechTranscriber,de-layup-missed,Olivia Leib verfehlt,134,134,stat.layupMissed,true,true,,,Olivia Leib verfehlt ||  Leib verfehlt ||  verfehlt ||  Ley verfehlt ||  Lei verfehlt ||  L verfehlt,
speechTranscriber,de-layup-missed-number,,,,,false,false,未识别：%@,,,
speechTranscriber,de-mid-range-made,Zangmitteldistanz getroffen,148,148,stat.midRangeMade,true,true,,,Zangmitteldistanz getroffen ||  getroffen,
speechTranscriber,de-mid-range-made-number,Nummer elf mit Distanz getroffen.,172,173,,false,true,,,Nummer elf mit Distanz getroffen. ||  getroffen.,
speechTranscriber,de-mid-range-missed,Mitteldistanz verfehlt,137,137,,false,true,,,Mitteldistanz verfehlt ||  verfehlt ||  verfehl,
speechTranscriber,de-mid-range-missed-number,Nummer 12 mit der Distanzählt.,184,185,stat.twoMissed,false,true,,,Nummer 12 mit der Distanzählt. ||  der Distanzählt. ||  Distanzählt. ||  der Distanzählt,
speechTranscriber,de-paint-made,Lukas Weber Korb näher getroffen.,184,184,stat.paintMade,true,true,,,Lukas Weber Korb näher getroffen. ||  Korb näher getroffen. ||  Korbähe getroffen. ||  Korb getroffen. ||  Korbähe getroffen ||  Korb getroffen,
speechTranscriber,de-paint-made-number,Nummer eins Kolail getroffen.,172,172,,false,true,,,Nummer eins Kolail getroffen. ||  getroffen.,
speechTranscriber,de-paint-missed,Anna Fischer verfehlt,209,209,,false,true,,,Anna Fischer verfehlt || Anna Fischerähe verfehlt || Fischer verfehlt || Fischerähe verfehlt || Fischer verfehl,
speechTranscriber,de-paint-missed-number,,,,,false,false,未识别：%@,,,
speechTranscriber,de-putback-made,Michael Müller-Putback getroffen,236,236,stat.putbackMade,true,true,,,Michael Müller-Putback getroffen ||  getroffen,
speechTranscriber,de-putback-made-number,Nummer drei gut bleibt getroffen.,125,125,stat.layupMade,true,true,,,Nummer drei gut bleibt getroffen. ||  bleibt getroffen. ||  getroffen. ||  hat getroffen. ||  lag getroffen.,
speechTranscriber,de-putback-missed,Sophie Schmidt-Kutback verfehlt,123,124,,false,true,,,Sophie Schmidt-Kutback verfehlt ||  verfehlt,
speechTranscriber,de-putback-missed-number,Nummer vier gut erzählt.,128,128,,false,true,,,Nummer vier gut erzählt. ||  gut erzählt. ||  gut ||  gut. ||  gut erzählt ||  gutählt.,
speechTranscriber,de-dunk-made,Thomas Wagner-Dung getroffen,125,125,stat.dunkMade,true,true,,,Thomas Wagner-Dung getroffen ||  Wagner-Dung getroffen ||  Wagner-Dumm getroffen ||  Wagner-Dong getroffen ||  Wagner-D ||  Wagner-D getroffen,
speechTranscriber,de-dunk-made-number,Nummer fünf getroffen.,140,140,,false,true,,,Nummer fünf getroffen. ||  fünf getroffen. ||  fünf zu getroffen. ||  5 getroffen. ||  fünf getroffen ||  getroffen.,
speechTranscriber,de-dunk-missed,Elmar Kellerdunk verfehlt,128,128,stat.dunkMissed,true,true,,,Elmar Kellerdunk verfehlt ||  Kellerdunk verfehlt ||  Keller Dunk verfehlt ||  KellerDunk verfehlt ||  Kellerunk verfehlt ||  Keller verfehlt,
speechTranscriber,de-dunk-missed-number,Nummer 6 du verfehlt,143,143,,false,true,,,"Nummer 6 du verfehlt ||  6 du verfehlt ||  6, du verfehlt ||  6, verfehlt ||  6, du verfehl ||  6 du verfehl",
speechTranscriber,de-foul,David Faul,115,115,stat.foul,true,true,,,David Faul || David Fow || David F || David Foaul || Faul,
speechTranscriber,de-foul-number,Nummer 7,123,123,,false,true,,,Nummer 7 || Nummer || 7 || um,
speechTranscriber,de-rebound,Rebound,116,116,,false,true,,,Rebound || Re || Reund || Rebo || Al Reund,
speechTranscriber,de-rebound-number,Nummer 8 Redund,134,134,stat.rebound,true,true,,,Nummer 8 Redund ||  8 Redund ||  8 ||  8 Red ||  8 Red bund ||  8und,
speechTranscriber,de-offensive-rebound,James Offensiv rebound,139,139,stat.offensiveRebound,true,true,,,James Offensiv rebound ||  Offensiv rebound ||  Offensive rebound ||  Offens rebound ||  Offensiv reund ||  Offensivbound,
speechTranscriber,de-offensive-rebound-number,Nummer 9 organisiert,142,142,,false,true,,,Nummer 9 organisiert || Nummer || Nummer 9 || Nummer organisiert || Nummer 9 organisiertund,
speechTranscriber,de-defensive-rebound,Olivia Defensiv Rebound,143,143,stat.defensiveRebound,true,true,,,Olivia Defensiv Rebound ||  Defensiv Rebound ||  Defensive Rebound ||  Defensiv Reund ||  Defensive Reund ||  Defensivund,
speechTranscriber,de-defensive-rebound-number,Nun mal sehen defensiv den Bund,157,157,event.game_end,false,true,,,Nun mal sehen defensiv den Bund ||  den Bund ||  den Bund. ||  Bund,
speechTranscriber,de-assist,Zang Assist,120,120,stat.assist,true,true,,,Zang Assist || Zhang Assist || Sang Assist || Z Assist || Zang Ass,
speechTranscriber,de-assist-number,Nummer 11 Assist,131,131,stat.assist,true,true,,,"Nummer 11 Assist ||  11 Assist ||  elf Assist ||  11, Assist ||  11 Ass ||  elf Ass",
speechTranscriber,de-block,Block,107,107,,false,true,,,Block || Blog || B || Bog,
speechTranscriber,de-block-number,Nummer 12,131,131,stat.twoMade,false,true,,,"Nummer 12 ||  12 ||  12 zurück ||  12 drück ||  zwölf ||  12,",
speechTranscriber,de-steal,Lukas Weber Stil,141,141,stat.steal,true,true,,,Lukas Weber Stil ||  Weber Stil ||  Weber St ||  WeberStil ||  Weberil ||  Weber- Stil,
speechTranscriber,de-steal-number,Nummer eins Steal,144,144,stat.steal,true,true,,,"Nummer eins Steal ||  eins Steal ||  1 Steal ||  1, Steal ||  eins Dal ||  einsal",
speechTranscriber,de-turnover,Anna Fischera,141,141,,false,true,,,Anna Fischera || Fischer || Anna Fischer Ta || Fischera || Fischer Ta,
speechTranscriber,de-turnover-number,Nummer zwei Nummer,137,137,stat.twoMade,true,true,,,"Nummer zwei Nummer ||  zwei Nummer ||  zwei ||  zwei, Nummer ||  zwei T Nummer ||  zweiomen",
speechTranscriber,de-assist-two,"Michael Müller, es ist Sophie Schmidt 2.",192,192,stat.twoMade,true,false,,,"Michael Müller, es ist Sophie Schmidt 2. ||  Schmidt 2. ||  Schmidt zwei. ||  Schmidt zwei ||  Schmidt ||  Schmidt 2..",
speechTranscriber,de-assist-two-number,Nummer drei aus 7 Nummer 4,196,196,stat.threeMissed,true,false,,,Nummer drei aus 7 Nummer 4 ||  4 ||  42.,
speechTranscriber,de-assist-three,"Thomas Wagner, Assist Emma Keller 3.",197,197,stat.assistThreeMade,true,true,,,"Thomas Wagner, Assist Emma Keller 3. ||  Keller 3. ||  Keller 3 ||  Keller",
speechTranscriber,de-assist-three-number,Nummer fünf A763.,181,181,stat.threeMade,true,false,,,Nummer fünf A763. ||  A763. ||  A763 ||  A7 Nummer63. ||  A 763.,
speechTranscriber,de-steal-turnover,David Stil Alice,150,150,stat.stealTurnover,true,true,,,"David Stil Alice ||  Stil Alice ||  Stil, Alice ||  StilAice ||  Stil-Aice ||  Stil,Aice",
speechTranscriber,de-steal-turnover-number,"Nummer 7, Steal Nummer 8.",134,134,stat.stealTurnover,true,true,,,"Nummer 7, Steal Nummer 8. ||  8. ||  8",
speechTranscriber,de-start,Start,88,88,event.period,true,true,,,Start || Stadt || at || art,
speechTranscriber,de-start-number,Stau das Spiel.,111,111,,true,true,,,Stau das Spiel. ||  Spiel. ||  Spiel,
speechTranscriber,de-pause,Auszeit,107,107,event.pause,true,true,,,Auszeit || Aus || zeit || Aus Zeit,
speechTranscriber,de-pause-number,Ausseite.,120,120,event.pause,true,true,,,Ausseite. || Auszeit || Auszeit. || Ausseite || Auseit,
speechTranscriber,de-game-end,Spielende,106,106,event.game_end,true,true,,,Spielende || spielende || Spiel || spiel || ende,
speechTranscriber,de-game-end-number,jetzt,133,133,event.game_end,true,true,,,jetzt || Spielende jetzt || Spende jetzt || Spiel jetzt || ende jetzt,
speechTranscriber,de-undo,,,,,false,false,未识别：%@,,,
speechTranscriber,de-undo-number,nämlich die letzte Aktion,162,162,,true,true,,,nämlich die letzte Aktion ||  Aktion ||  Aktion.,
speechTranscriber,de-redo,Wiederholen,128,128,event.redo,true,true,,,Wiederholen || Wieder || wiederholen || holen,
speechTranscriber,de-redo-number,Diese eure letzte Aktion,162,163,,true,true,,,Diese eure letzte Aktion ||  Aktion ||  Aktion.,
speechTranscriber,de-substitution,Lukas Weber-Wechsel Anna Fischer,155,155,event.substitution,true,true,,,Lukas Weber-Wechsel Anna Fischer ||  Fischer,
speechTranscriber,de-substitution-number,Nummer eins Wechsel Nummer zwei,152,153,event.substitution,true,true,,,Nummer eins Wechsel Nummer zwei ||  zwei ||  2.,
speechTranscriber,es-two-made,Carlos García dos anoto,269,269,stat.twoMade,true,true,,,Carlos García dos anoto ||  dos anoto ||  Dos anoto ||  2 anoto ||  dosanoto ||  dos Anto,
speechTranscriber,es-two-made-number,Número 12 ató,104,105,stat.twoMade,true,true,,,Número 12 ató ||  ató ||  se ató,
speechTranscriber,es-two-missed,María López dos fallado,107,107,stat.twoMissed,true,true,,,"María López dos fallado ||  dos fallado ||  2 fallado ||  dos Fallado ||  dos, fallado ||  I fallado",
speechTranscriber,es-two-missed-number,Número dos fallado.,116,116,stat.twoMade,true,true,,,Número dos fallado. ||  fallado. ||  fallado,
speechTranscriber,es-three-made,Fue en Pérez tres ano,117,117,stat.threeMissed,true,true,,,Fue en Pérez tres ano ||  tres ano ||  tres ||  3 ano ||  tres anoo,
speechTranscriber,es-three-made-number,Mi número 33 anotó,137,137,,false,true,,,Mi número 33 anotó ||  anotó ||  la anotó,
speechTranscriber,es-three-missed,Ana Torres que ha fallado,134,135,stat.twoMade,true,true,,,Ana Torres que ha fallado ||  fallado,
speechTranscriber,es-three-missed-number,Número 43 fallado.,151,152,stat.threeMissed,true,true,,,Número 43 fallado. ||  fallado. ||  fallado ||  falallado.,
speechTranscriber,es-bonus-made,Diego Ruiz y una,134,134,,false,true,,,Diego Ruiz y una ||  una ||  una no ||  una ano ||  una nota ||  unaano,
speechTranscriber,es-bonus-made-number,Número 5 y,148,149,,false,true,,,Número 5 y ||  y ||  y ano,
speechTranscriber,es-bonus-missed,Laura Martini uno ha fallado,163,163,stat.twoMade,true,true,,,Laura Martini uno ha fallado ||  ha fallado ||  fallado,
speechTranscriber,es-bonus-missed-number,Número 61 fallado,160,161,,false,true,,,Número 61 fallado ||  fallado ||  falado,
speechTranscriber,es-free-throw-made,a tiro libre ano,159,159,stat.freeThrowMissed,false,true,,,a tiro libre ano ||  libre ano,
speechTranscriber,es-free-throw-made-number,número siete libro del libro de anotó.,176,176,,false,true,,,número siete libro del libro de anotó. ||  de anotó. ||  anotó. ||  de anotó ||  anotó,
speechTranscriber,es-free-throw-missed,Michael el tiro libre fallado,200,201,stat.twoMade,true,true,,,Michael el tiro libre fallado ||  libre fallado,
speechTranscriber,es-free-throw-missed-number,Número ocho libro libros es hallado.,173,173,stat.twoMade,true,true,,,Número ocho libro libros es hallado. ||  libros es hallado. ||  libros es hallado ||  libros hylado ||  libros es hylado ||  lib es hylado,
speechTranscriber,es-layup-made,Alice bandeja de,129,129,stat.layupMade,true,true,,,Alice bandeja de ||  de ||  de ano ||  de no ||  de No,
speechTranscriber,es-layup-made-number,número de bandeja anotó,115,115,,false,true,,,número de bandeja anotó ||  anotó,
speechTranscriber,es-layup-missed,John Bandeja ha fallado,106,106,stat.twoMade,true,true,,,John Bandeja ha fallado ||  ha fallado ||  fallado,
speechTranscriber,es-layup-missed-number,Número 10 bandeja Rayado.,135,135,stat.layupMade,true,true,,,Número 10 bandeja Rayado. ||  Rayado. ||  Vallado. ||  Llado. ||  Raylado. ||  Rlado.,
speechTranscriber,es-mid-range-made,García en media distancia anotó,113,114,stat.midRangeMade,true,true,,,García en media distancia anotó ||  anotó ||  anoto,
speechTranscriber,es-mid-range-made-number,Número 11 y media de distancia anotó.,105,106,stat.midRangeMade,true,true,,,Número 11 y media de distancia anotó. ||  anotó.,
speechTranscriber,es-mid-range-missed,David Media distancia ha fallado,110,110,stat.twoMade,true,true,,,David Media distancia ha fallado ||  ha fallado ||  fallado,
speechTranscriber,es-mid-range-missed-number,Número 12 y media de distancia fallado.,144,144,stat.twoMade,true,true,,,Número 12 y media de distancia fallado. ||  distancia fallado. ||  distancia playado. ||  Standia playado. ||  distanciadia fallado. ||  distanciadia playado.,
speechTranscriber,es-paint-made,Carlos García Pintura anoto,128,128,stat.paintMade,true,true,,,Carlos García Pintura anoto ||  Pintura anoto ||  pintura anoto ||  Pintura Noto ||  Pintura noto ||  Pinturato,
speechTranscriber,es-paint-made-number,número una pintura anotó.,136,136,stat.paintMade,true,true,,,número una pintura anotó. ||  anotó. ||  anotó,
speechTranscriber,es-paint-missed,María López pintura fallado,131,131,stat.twoMade,true,true,,,María López pintura fallado ||  fallado ||  ha fallado,
speechTranscriber,es-paint-missed-number,Número dos pintura hallado.,148,148,stat.twoMade,true,true,,,Número dos pintura hallado. ||  hallado. ||  fallado. ||  falallado.,
speechTranscriber,es-putback-made,Juan Pérezputbakano,133,134,,false,true,,,Juan Pérezputbakano ||  Pérezputbakano ||  Pérezpu Vakano ||  Pérezputkano ||  Pérezpubakano ||  Pérezpukano,
speechTranscriber,es-putback-made-number,número tres Pbak anotó,145,146,stat.putbackMade,true,true,,,número tres Pbak anotó ||  Pbak anotó ||  P anotó ||  Pba anotó,
speechTranscriber,es-putback-missed,Ana Torres Budback fallado,143,153,stat.twoMade,true,true,,,Ana Torres Budback fallado ||  fallado,
speechTranscriber,es-putback-missed-number,Número cuatro Box fallado.,149,149,stat.twoMade,true,true,,,Número cuatro Box fallado. ||  Box fallado. ||  B fallado. ||  Pux fallado. ||  Pu fallado. ||  Bx fallado.,
speechTranscriber,es-dunk-made,Diego Ruiz Metano,127,127,stat.dunkMade,true,true,,,Diego Ruiz Metano ||  Metano ||  meditano ||  Meditano ||  Metanot ||  Medtano,
speechTranscriber,es-dunk-made-number,Número cinco Valle anotó.,154,154,stat.dunkMade,true,true,,,Número cinco Valle anotó. ||  anotó. ||  anotó,
speechTranscriber,es-dunk-missed,Laura Martín Meid fallado,162,162,stat.twoMade,true,true,,,Laura Martín Meid fallado ||  Meid fallado ||  Mede fallado ||  Medi fallado ||  Mete fallado ||  Me fallado,
speechTranscriber,es-dunk-missed-number,,,,,false,false,Failed to fetch the GeneralASR asset for es.,,,
speechTranscriber,es-foul,¿Qué más falta,142,142,,false,true,,,¿Qué más falta || ¿Qué más || ¿Qué me falta || Qué más falta || ¿Qu más falta,
speechTranscriber,es-foul-number,,,,,false,false,Failed to fetch the GeneralASR asset for es.,,,
speechTranscriber,es-rebound,Michael Rebo,111,111,stat.rebound,true,true,,,Michael Rebo || Michael rebo || Michael el rebo || Michael el Rebo || Michaelbo,
speechTranscriber,es-rebound-number,Número ocho revolte.,127,127,stat.rebound,true,true,,,Número ocho revolte. ||  revolte. ||  revolte ||  revoltes. ||  revoltes,
speechTranscriber,es-offensive-rebound,"Alice, rebote ofensivo",130,130,stat.defensiveRebound,true,true,,,"Alice, rebote ofensivo ||  ofensivo",
speechTranscriber,es-offensive-rebound-number,Mi número me vuelve el rebote ofensivo.,161,162,,false,true,,,Mi número me vuelve el rebote ofensivo. ||  vuelve el rebote ofensivo.,
speechTranscriber,es-defensive-rebound,John rebote defensivo,145,145,stat.defensiveRebound,true,true,,,John rebote defensivo ||  defensivo ||  defensivo. ||  defensi,
speechTranscriber,es-defensive-rebound-number,"número 10, pero el bote es defensivo",157,157,,false,true,,,"número 10, pero el bote es defensivo ||  es defensivo ||  del defensivo ||  defensivo",
speechTranscriber,es-assist,García y más asistencia,140,140,stat.assist,true,true,,,García y más asistencia ||  más asistencia ||  asistencia,
speechTranscriber,es-assist-number,Número es de asistencia.,147,147,,false,true,,,Número es de asistencia. ||  asistencia. ||  asistencia,
speechTranscriber,es-block,David bloque,124,124,stat.block,true,true,,,"David bloque || David || David bloqueó || David, bloque || bloque",
speechTranscriber,es-block-number,Número dos del bloqueo,146,146,stat.block,false,true,,,Número dos del bloqueo ||  bloqueo ||  bloqueo.,
speechTranscriber,es-steal,Carlos García Ro,128,128,,false,true,,,"Carlos García Ro ||  García Ro ||  García ||  García, Ro ||  García ro ||  García Rob",
speechTranscriber,es-steal-number,Número uno,132,132,,false,true,,,Número uno ||  uno ||  uno robo ||  uno de robo ||  uno de ||  uno Ro,
speechTranscriber,es-turnover,María López perdida,108,108,stat.turnover,true,true,,,"María López perdida ||  López perdida ||  López Perdida ||  López per ||  López, perdida ||  Lópezdida",
speechTranscriber,es-turnover-number,Número dos prioridad,107,107,stat.twoMissed,true,true,,,"Número dos prioridad ||  dos prioridad ||  dos prio ||  dos, prioridad ||  dos priodida",
speechTranscriber,es-assist-two,Juan Pérez asistencia a Ana Torres,127,128,stat.assist,true,false,,,Juan Pérez asistencia a Ana Torres ||  Torres,
speechTranscriber,es-assist-two-number,Número tres asistencia número 42.,154,154,stat.assistTwoMade,true,true,,,Número tres asistencia número 42. ||  42.,
speechTranscriber,es-assist-three,"Diego Ruiz, asistencia Laura Martín",148,148,stat.assist,true,false,,,"Diego Ruiz, asistencia Laura Martín ||  Martín",
speechTranscriber,es-assist-three-number,Número cinco asistencia número 63.,174,174,stat.assistThreeMade,true,true,,,Número cinco asistencia número 63. ||  63.,
speechTranscriber,es-steal-turnover,Hay más Roco Michael,134,134,,false,false,,,Hay más Roco Michael ||  Roco Michael ||  Roco de Michael ||  Ro Michael,
speechTranscriber,es-steal-turnover-number,Número siete robo número ocho.,167,168,stat.stealTurnover,true,true,,,Número siete robo número ocho. ||  ocho. ||  ocho,
speechTranscriber,es-start,Inicio,120,120,event.period,true,true,,,Inicio || Ini || cio || Inició || Ini inicio,
speechTranscriber,es-start-number,El inicio del partido.,135,135,event.period,true,true,,,El inicio del partido. ||  partido. ||  partido,
speechTranscriber,es-pause,Tiempo y muerto,129,129,,true,true,,,Tiempo y muerto ||  y muerto ||  muerto ||  y mu ||  y Merto,
speechTranscriber,es-pause-number,Llevo muerto ahora,133,133,event.pause,true,true,,,Llevo muerto ahora || Llevo muerto || Tiempo muerto ahora || Llevoerto ahora || Tiempovo muerto ahora,
speechTranscriber,es-game-end,Fin del partido,120,120,event.game_end,true,true,,,Fin del partido ||  del partido ||  del ||  del partido. ||  partido,
speechTranscriber,es-game-end-number,del partido,129,129,event.game_end,true,true,,,del partido ||  partido,
speechTranscriber,es-undo,Desha,115,115,event.undo,true,true,,,Desha || desha || deshacer || Deshacer || ha,
speechTranscriber,es-undo-number,De lacer última acción.,161,161,,true,true,,,De lacer última acción. ||  acción. ||  acción,
speechTranscriber,es-redo,,,,,false,false,未识别：%@,,,
speechTranscriber,es-redo-number,Pero ser última acción,169,169,,true,true,,,Pero ser última acción ||  acción,
speechTranscriber,es-substitution,Carlos García cambió María López,166,166,,false,false,,,Carlos García cambió María López ||  López,
speechTranscriber,es-substitution-number,Número uno cambio número dos.,164,165,event.substitution,true,true,,,Número uno cambio número dos. ||  dos. ||  dos,
speechTranscriber,fr-two-made,Jean-Martin de réussit,284,284,stat.twoMade,true,true,,,Jean-Martin de réussit ||  de réussit ||  2 réussit ||  de réuss ||  2ussit ||  deussit,
speechTranscriber,fr-two-made-number,Numéro un de réussi,108,108,stat.twoMade,true,true,,,Numéro un de réussi ||  un de réussi ||  de réussi ||  de ||  un réussi ||  réussi,
speechTranscriber,fr-two-missed,Claire Dubois deux ratés,111,111,stat.twoMissed,true,true,,,Claire Dubois deux ratés ||  ratés ||  rat ||  r,
speechTranscriber,fr-two-missed-number,Numéro de,119,119,,false,true,,,Numéro de ||  de ||  d' ||  d ||  deaté ||  de',
speechTranscriber,fr-three-made,Lucas Bernard trois réussit,138,138,stat.threeMade,true,true,,,Lucas Bernard trois réussit ||  réussit ||  réuss ||  réit ||  réuss réussi,
speechTranscriber,fr-three-made-number,Numéro 33 réussi,143,144,stat.threeMade,true,true,,,Numéro 33 réussi ||  33 réussi ||  33 ||  3 réussi ||  3 trois réussi ||  3,
speechTranscriber,fr-three-missed,Sophie Laurent II ratée,138,138,,false,true,,,Sophie Laurent II ratée ||  ratée ||  rée ||  rataté,
speechTranscriber,fr-three-missed-number,Numéro 43,148,148,stat.threeMade,true,true,,,"Numéro 43 || Numéro 4.3 || Numéro 43, || Numéro 4 || Numéro3",
speechTranscriber,fr-bonus-made,Thomas Petit est réussi,140,140,,false,true,,,Thomas Petit est réussi ||  réussi ||  un réussi ||  un,
speechTranscriber,fr-bonus-made-number,Numéro cinq réussi,150,150,,false,true,,,Numéro cinq réussi ||  cinq réussi ||  cinq ||  cinq est réussi ||  cinq qui réussi,
speechTranscriber,fr-bonus-missed,Léa Moreau est un raté,141,141,,false,true,,,Léa Moreau est un raté ||  un raté ||  un r ||  unaté,
speechTranscriber,fr-bonus-missed-number,Numéro 6 c'est un raté,142,142,,false,true,,,Numéro 6 c'est un raté ||  un raté ||  raté ||  unaté,
speechTranscriber,fr-free-throw-made,Emma lancé franc réussi,137,137,stat.freeThrowMade,true,true,,,Emma lancé franc réussi ||  franc réussi ||  franc réussit ||  franc ||  francit ||  franc réuss réussi,
speechTranscriber,fr-free-throw-made-number,Numéro sept,147,147,,false,true,,,Numéro sept ||  sept ||  7 ||  7 réussi ||  sept réussi,
speechTranscriber,fr-free-throw-missed,Michael Lancé franc raté,141,141,stat.freeThrowMissed,true,true,,,Michael Lancé franc raté ||  raté,
speechTranscriber,fr-free-throw-missed-number,Numéro huit lancer,145,145,stat.freeThrowMade,true,true,,,Numéro huit lancer ||  huit lancer ||  huit lancer au ||  huitancé ||  huitancé au ||  huitz au,
speechTranscriber,fr-layup-made,Alice réussit,134,134,,false,true,,,Alice réussit ||  réussit ||  l'est réussit ||  l'est réussie ||  l' réussit ||  l' réussie,
speechTranscriber,fr-layup-made-number,Numéro,116,116,,false,true,,,Numéro || numéro || Numéro aussi || Numéro réussi,
speechTranscriber,fr-layup-missed,Je l'ai praté,110,111,,false,true,,,Je l'ai praté ||  l'ai praté ||  l'ai prté ||  ne l'aité ||  l'aité ||  ne l'ai prté,
speechTranscriber,fr-layup-missed-number,Numéro d',137,137,,false,true,,,Numéro d' ||  d' ||  de ||  d ||  d'a ||  de',
speechTranscriber,fr-mid-range-made,Martin Mance réussie,165,165,stat.midRangeMade,false,true,,,Martin Mance réussie ||  réussie ||  réussit ||  réuss réussi,
speechTranscriber,fr-mid-range-made-number,Numéro 11,161,161,,false,true,,,Numéro 11 ||  11 ||  11 réussi ||  11 ici ||  110 ||  11',
speechTranscriber,fr-mid-range-missed,David miance raté,170,170,stat.midRangeMissed,true,true,,,David miance raté ||  raté,
speechTranscriber,fr-mid-range-missed-number,Numéro 12 12,126,127,stat.twoMade,true,true,,,Numéro 12 12 ||  12 12 ||  12 ||  12 18 ||  12 12 de ||  12 18 de,
speechTranscriber,fr-paint-made,Jean-Martin l'Intérieur réussit,129,129,stat.paintMade,true,true,,,Jean-Martin l'Intérieur réussit ||  réussit ||  réit,
speechTranscriber,fr-paint-made-number,Numéro un réussi,129,130,,false,true,,,Numéro un réussi ||  un réussi ||  un de réussi ||  untérieur réussi ||  un l' réussi ||  un l réussi,
speechTranscriber,fr-paint-missed,Claire Dubois intérieur raté,130,130,stat.paintMissed,true,true,,,"Claire Dubois intérieur raté ||  intérieur raté ||  intérieur, raté ||  intérieur r ||  intérieur, r ||  intérieur rée",
speechTranscriber,fr-paint-missed-number,Numéro deux intérieur raté,152,152,stat.paintMissed,true,true,,,Numéro deux intérieur raté ||  intérieur raté ||  intérieur ||  intérieuraté,
speechTranscriber,fr-putback-made,Lucas Bernard Putbach réussit,161,161,stat.putbackMade,true,true,,,Lucas Bernard Putbach réussit ||  réussit ||  réuss ||  réit,
speechTranscriber,fr-putback-made-number,Numéro 3,160,160,stat.threeMade,true,true,,,"Numéro 3 ||  3 ||  3, ||  3 la ||  3 réussi ||  3 la réussi",
speechTranscriber,fr-putback-missed,Sophie Laurent Putba ratée,143,143,stat.putbackMissed,true,true,,,Sophie Laurent Putba ratée ||  ratée ||  rée,
speechTranscriber,fr-putback-missed-number,Numéro quatre,148,148,,false,true,,,Numéro quatre || Numéro 4 || Numéro 48 || Numéro || Numéro de,
speechTranscriber,fr-dunk-made,Thomas Petitit,135,135,,false,true,,,Thomas Petitit ||  Petitit ||  Petitdit ||  Petitdinit ||  Petitincit ||  Petit dit,
speechTranscriber,fr-dunk-made-number,Numéro de service crédit,154,154,,false,true,,,Numéro de service crédit ||  service crédit ||  service de crédit ||  service ||  service crédit aussi ||  service cré,
speechTranscriber,fr-dunk-missed,Léa Maudraté,112,112,,false,true,,,Léa Maudraté ||  Maudraté ||  Maudaté ||  Maud d'unaté ||  Maud d'até ||  Maud'até,
speechTranscriber,fr-dunk-missed-number,Numéro aussi dans les,124,124,,false,true,,,Numéro aussi dans les ||  les ||  le,
speechTranscriber,fr-foul,,,,,false,false,Audio format is not supported,,,
speechTranscriber,fr-foul-number,Numéro,103,103,,false,true,,,Numéro || Numéro de téléphone || Numéro de || Numéro de code || Numéro code,
speechTranscriber,fr-rebound,Michael Rubon,112,112,,false,true,,,Michael Rubon ||  Rubon ||  Rugon ||  Rugubon ||  Ron,
speechTranscriber,fr-rebound-number,Numéro huit,99,99,,false,true,,,"Numéro huit || Numéro || Numéro 8 || Numéro huit, || Numéro huit à",
speechTranscriber,fr-offensive-rebound,Alice rebond offensif,102,102,stat.offensiveRebound,true,true,,,Alice rebond offensif ||  offensif ||  offens,
speechTranscriber,fr-offensive-rebound-number,Numéro,116,116,,false,true,,,Numéro || Numéro quatre bon || Numéro un bon || Numéro un || Numéro bon,
speechTranscriber,fr-defensive-rebound,Jeune rebond défensif,148,149,stat.defensiveRebound,true,true,,,Jeune rebond défensif ||  défensif,
speechTranscriber,fr-defensive-rebound-number,Numéro deonde défensif,194,195,,false,true,,,Numéro deonde défensif ||  défensif ||  défensif. ||  défensve.,
speechTranscriber,fr-assist,Martin passe,150,150,stat.assist,false,true,,,Martin passe || Martin Passe || Martin || Martin P || Martin passeasse,
speechTranscriber,fr-assist-number,Numéro 11,129,129,stat.assist,true,true,,,Numéro 11 || Numéro || Numéro 11 passe || Numéro passe || 11,
speechTranscriber,fr-block,David Contre,120,120,stat.block,true,true,,,David Contre || David contre || David Cont || David || David contrere,
speechTranscriber,fr-block-number,Numéro 12 contre,130,130,stat.block,true,true,,,Numéro 12 contre || numéro 12 contre || Numéro 12 || Numéro contre || 12 contre,
speechTranscriber,fr-steal,"Jean-Martin, interception",136,136,stat.steal,true,true,,,"Jean-Martin, interception || Jean-Martin, Interception || Jean-Martin Interception || Jean-Martin, inter || Jean-Martin, Inter",
speechTranscriber,fr-steal-number,Numéro un,143,143,,false,true,,,Numéro un ||  un ||  un télévision ||  un de télévision ||  un de ||  union,
speechTranscriber,fr-turnover,Claire Dubois perd de balle,137,137,stat.twoMade,true,true,,,Claire Dubois perd de balle ||  balle ||  Bâle ||  balâle,
speechTranscriber,fr-turnover-number,Numéro de balle,143,143,,false,true,,,Numéro de balle ||  de balle ||  de ||  de bal ||  de de balle ||  de de,
speechTranscriber,fr-assist-two,Lucas Bernard passe Sophie Laurent II,156,156,stat.assist,true,false,,,Lucas Bernard passe Sophie Laurent II ||  Laurent II ||  Laurent I ||  II ||  LaurentI ||  I,
speechTranscriber,fr-assist-two-number,Numéro trois passe numéro 42.,158,158,stat.assistTwoMade,true,true,,,Numéro trois passe numéro 42. ||  42. ||  42,
speechTranscriber,fr-assist-three,Thomas Petit passelet à Moreau 3.,156,156,stat.assistThreeMade,true,true,,,Thomas Petit passelet à Moreau 3. ||  Moreau 3. ||  Mau 3. ||  Mau ||  Mau trois ||  Mo 3.,
speechTranscriber,fr-assist-three-number,Numéro 53 numéro 63,164,165,stat.threeMade,true,false,,,Numéro 53 numéro 63 ||  63 ||  6 trois,
speechTranscriber,fr-steal-turnover,interception Mickaël,148,148,,false,false,,,interception Mickaël || interception Micka || interception Mick || interception Mickël || inter Mickaël,
speechTranscriber,fr-steal-turnover-number,Numéro numéro,161,161,,false,false,,,Numéro numéro || Numéroception numéro huit || Numéroception numéro || Numéro numéro huit || Numéro numéro 8.,
speechTranscriber,fr-start,Début,111,111,event.period,true,true,,,Début || Déb || ut || Débuts,
speechTranscriber,fr-start-number,Début du match,140,140,event.period,true,true,,,Début du match ||  du match ||  du,
speechTranscriber,fr-pause,mort,118,118,event.pause,true,true,,,mort || temps mort || temps || mps mort,
speechTranscriber,fr-pause-number,,,,,false,false,未识别：%@,,,
speechTranscriber,fr-game-end,Fin du match,132,132,event.game_end,true,true,,,Fin du match || fin du match || Fin du || du match || Fin match,
speechTranscriber,fr-game-end-number,Fin du match,142,142,event.game_end,true,true,,,Fin du match || fin du match || Fin du || Fin || Fin match,
speechTranscriber,fr-undo,Annuler,132,132,event.undo,true,true,,,Annuler || annuler || ulé || Ann Annuler,
speechTranscriber,fr-undo-number,Annuler dernière action,161,161,event.undo,true,true,,,"Annuler dernière action || Annuler la dernière action || Annuler, dernière action || Annuler dernièrection || ulé dernière action",
speechTranscriber,fr-redo,Refaire,131,131,event.redo,true,true,,,Refaire || refaire || Reaire || Ref || aire,
speechTranscriber,fr-redo-number,Première dernière réaction,154,154,,true,true,,,Première dernière réaction ||  réaction ||  réction,
speechTranscriber,fr-substitution,"Jean-Martin, remplacement Claire Dubois",152,152,event.substitution,true,true,,,"Jean-Martin, remplacement Claire Dubois || Jean-Martin remplacement Claire Dubois || Jean-Martin, remplacement, Claire Dubois || Jean-Martin remplacement, Claire Dubois || Jean-Martin, remplacement Dubois",
speechTranscriber,fr-substitution-number,"Numéro un remplacement, numéro de",163,163,,false,false,,,"Numéro un remplacement, numéro de ||  remplacement, numéro de ||  remplacement, numéro deux ||  remplacement numéro de ||  remplacement, numéro ||  remplacement, Numéro de",
speechTranscriber,it-two-made,Marco Rossi due segnato,292,292,stat.twoMade,true,true,,,"Marco Rossi due segnato ||  Rossi due segnato ||  Rossi, due segnato ||  Rossi 2 segnato ||  Rossi, 2 segnato ||  Rossi segnato",
speechTranscriber,it-two-made-number,Numero uno due segnato,135,135,stat.twoMade,true,true,,,Numero uno due segnato ||  uno due segnato ||  uno segnato ||  due segnato,
speechTranscriber,it-two-missed,"Giulia Bianchi, due sbagliato",173,174,stat.twoMissed,true,true,,,"Giulia Bianchi, due sbagliato ||  sbagliato ||  è sbagliato",
speechTranscriber,it-two-missed-number,Numero 22 sbagliato,162,162,stat.twoMissed,true,true,,,Numero 22 sbagliato ||  22 sbagliato ||  due sbagliato ||  sbagliato ||  2 sbagliato,
speechTranscriber,it-three-made,Luca Romano tre segnato,153,153,stat.threeMade,true,true,,,"Luca Romano tre segnato ||  Romano tre segnato ||  Romano 3 segnato ||  Romano, tre segnato ||  Romano segnato ||  tre segnato",
speechTranscriber,it-three-made-number,Numero 3 segnato,155,155,stat.threeMade,true,true,,,Numero 3 segnato ||  3 segnato ||  tre segnato ||  segnato,
speechTranscriber,it-three-missed,Sofia conti tre sbagliato,163,163,stat.threeMissed,true,true,,,Sofia conti tre sbagliato ||  sbagliato ||  sbagliatoto,
speechTranscriber,it-three-missed-number,Numero 43 sbagliato,163,163,stat.threeMissed,true,true,,,Numero 43 sbagliato ||  43 sbagliato ||  43 è sbagliato ||  43 sbagliato. ||  sbagliato,
speechTranscriber,it-bonus-made,Matteo Gallo bonus segnato,162,162,stat.bonusMade,true,true,,,Matteo Gallo bonus segnato ||  segnato,
speechTranscriber,it-bonus-made-number,Numero cinque bonus segnato,162,162,stat.bonusMade,true,true,,,Numero cinque bonus segnato ||  segnato,
speechTranscriber,it-bonus-missed,Chiara Esposito bonus sbagliato,155,166,stat.bonusMissed,true,true,,,"Chiara Esposito bonus sbagliato ||  Esposito bonus sbagliato ||  Esposito, bonus sbagliato ||  Esposito bonus ||  Esposito bus sbagliato ||  Esposito Bononus sbagliato",
speechTranscriber,it-bonus-missed-number,numero se è il bonus sbagliato,164,164,,false,true,,,numero se è il bonus sbagliato ||  bonus sbagliato ||  bonus,
speechTranscriber,it-free-throw-made,tiro libero segnato,147,147,,false,true,,,tiro libero segnato ||  segnato ||  seg,
speechTranscriber,it-free-throw-made-number,"Numero sette, tiro libero segnato",161,161,stat.freeThrowMade,true,true,,,"Numero sette, tiro libero segnato ||  segnato",
speechTranscriber,it-free-throw-missed,Michael tiro libero sbagliato,143,143,stat.freeThrowMissed,true,true,,,Michael tiro libero sbagliato ||  libero sbagliato,
speechTranscriber,it-free-throw-missed-number,Numero otto tiro libero sbagliato,172,172,stat.freeThrowMissed,true,true,,,Numero otto tiro libero sbagliato ||  tiro libero sbagliato,
speechTranscriber,it-layup-made,Alice l'hai segnato,145,145,,false,true,,,Alice l'hai segnato ||  l'hai segnato ||  ce l'hai segnato ||  ce l'hai op segnato ||  ce l'hai o segnato ||  ce l'haip segnato,
speechTranscriber,it-layup-made-number,Numero nove l'hai segnato,150,150,,false,true,,,Numero nove l'hai segnato ||  l'hai segnato ||  l' segnato ||  l segnato,
speechTranscriber,it-layup-missed,John Lype sbagliato,135,135,,false,true,,,John Lype sbagliato ||  Lype sbagliato ||  Lay sbagliato ||  Lyp sbagliato ||  Ly sbagliato ||  Lyb sbagliato,
speechTranscriber,it-layup-missed-number,Numero 10 la sbagliato,148,149,,false,true,,,Numero 10 la sbagliato ||  la sbagliato ||  in sbagliato ||  in la sbagliato ||  lau sbagliato ||  La sbagliato,
speechTranscriber,it-mid-range-made,Rossi media distanza segnato,141,141,stat.midRangeMade,false,true,,,Rossi media distanza segnato ||  distanza segnato ||  a distanza segnato ||  segnato,
speechTranscriber,it-mid-range-made-number,numero 11 in media a distanza segnato,160,160,stat.midRangeMade,true,true,,,numero 11 in media a distanza segnato ||  segnato ||  segto,
speechTranscriber,it-mid-range-missed,David Media a distanza sbagliato,150,150,stat.midRangeMissed,true,true,,,David Media a distanza sbagliato ||  sbagliato,
speechTranscriber,it-mid-range-missed-number,numero 12 in media a distanza sbagliato,171,171,stat.twoMissed,false,true,,,numero 12 in media a distanza sbagliato ||  sbagliato,
speechTranscriber,it-paint-made,Marco Rossi dentro segnato,144,144,stat.paintMade,true,true,,,"Marco Rossi dentro segnato ||  Rossi dentro segnato ||  Rossi, dentro segnato ||  Rossi segnato ||  Rossi dentro seg ||  Rossi dentro Snato",
speechTranscriber,it-paint-made-number,numero uno dentro segnato,137,138,stat.paintMade,true,true,,,numero uno dentro segnato ||  segnato ||  seg,
speechTranscriber,it-paint-missed,Giulia Bianchi dentro sbagliato,145,145,stat.paintMissed,true,true,,,Giulia Bianchi dentro sbagliato ||  sbagliato ||  ho sbagliato ||  Sb ||  sbagliatoto ||  sbagliatoaglia,
speechTranscriber,it-paint-missed-number,Numero due dentro sbagliato,143,143,stat.paintMissed,true,true,,,Numero due dentro sbagliato ||  dentro sbagliato ||  del sbagliato ||  sbagliato,
speechTranscriber,it-putback-made,Luca Romano Putball segnato,153,153,stat.putbackMade,true,true,,,Luca Romano Putball segnato ||  Romano Putball segnato ||  Romano putball segnato ||  Romanotball segnato ||  Romano Ftball segnato ||  Romano Putb segnato,
speechTranscriber,it-putback-made-number,numero 3 va segnato,142,142,stat.putbackMade,true,true,,,numero 3 va segnato ||  va segnato ||  segnato,
speechTranscriber,it-putback-missed,Sofia Conti Putbal Cagliato,157,157,stat.putbackMissed,true,true,,,Sofia Conti Putbal Cagliato ||  Putbal Cagliato ||  Putball Cagliato ||  Putbagliato ||  Putb Cagliato ||  Putbalagliato,
speechTranscriber,it-putback-missed-number,Numero 4 sbagliato,181,181,,false,true,,,Numero 4 sbagliato ||  4 sbagliato ||  4box sbagliato ||  4b sbagliato ||  4ba sbagliato,
speechTranscriber,it-dunk-made,Matteo Gallo schiacciata segnata,202,207,stat.dunkMade,true,true,,,"Matteo Gallo schiacciata segnata ||  Gallo schiacciata segnata ||  Gallo, schiacciata segnata ||  Gallo schiacciata, segnata ||  Gallo schiacciata seg ||  Gallo, schiacciata seg",
speechTranscriber,it-dunk-made-number,Numero cinque schiacciata segnata,193,193,stat.dunkMade,true,true,,,Numero cinque schiacciata segnata ||  segnata,
speechTranscriber,it-dunk-missed,Chiara Esposito schiacciata sbagliata,162,162,stat.dunkMissed,true,true,,,"Chiara Esposito schiacciata sbagliata ||  Esposito schiacciata sbagliata ||  Esposito, schiacciata sbagliata ||  Esposito schiacciata Sbta ||  Esposito schiacciatata ||  Esposito, schiacciata Sbta",
speechTranscriber,it-dunk-missed-number,numero sei schiacciata sbagliata,164,164,stat.dunkMissed,true,true,,,numero sei schiacciata sbagliata ||  schiacciata sbagliata,
speechTranscriber,it-foul,Emma fallo,162,162,stat.foul,true,true,,,Emma fallo || Ma fallo || fallo || allo || Maallo,
speechTranscriber,it-foul-number,Numero sette fallo,164,164,stat.foul,true,true,,,"Numero sette fallo ||  sette fallo ||  sette, fallo ||  7 fallo ||  7, fallo",
speechTranscriber,it-rebound,Michael rimbalzo,139,139,stat.rebound,true,true,,,Michael rimbalzo || Michael Rimbalzo || rimbalzo || Michael rimbal || Ma rimbalzo,
speechTranscriber,it-rebound-number,Numero otto rimbalzo,149,149,stat.rebound,true,true,,,Numero otto rimbalzo ||  rimbalzo ||  rimbalso,
speechTranscriber,it-offensive-rebound,Alice rimbalzo ostensivo,165,165,stat.offensiveRebound,true,true,,,Alice rimbalzo ostensivo || Alice rimbalzo sostensivo || Alice rimbalzo osten || Alice rimbalzotensivo || Alicelice rimbalzo ostensivo,
speechTranscriber,it-offensive-rebound-number,Numero nove rimbalzo offensivo,175,176,stat.offensiveRebound,true,true,,,Numero nove rimbalzo offensivo ||  offensivo,
speechTranscriber,it-defensive-rebound,John rimbalzo difensivo,150,161,stat.defensiveRebound,true,true,,,John rimbalzo difensivo ||  difensivo ||  difen ||  difensi,
speechTranscriber,it-defensive-rebound-number,Numero 10 rimbalzo difensivo,172,172,stat.defensiveRebound,true,true,,,Numero 10 rimbalzo difensivo ||  difensivo ||  difen,
speechTranscriber,it-assist,assist,139,139,stat.assist,false,true,,,assist || Rossi assist || Assist || ssi assist || ass,
speechTranscriber,it-assist-number,numero 11 assist,153,153,stat.assist,true,true,,,numero 11 assist ||  assist ||  assis ||  ass,
speechTranscriber,it-block,David Stottata,133,133,,false,true,,,David Stottata ||  Stottata ||  Stoccata ||  Tottata ||  Stota ||  Stotta,
speechTranscriber,it-block-number,numero 12 stoppata,139,139,stat.block,true,true,,,numero 12 stoppata ||  stoppata ||  sto ||  stota,
speechTranscriber,it-steal,Marco Rossi palla rubata,134,134,stat.steal,true,true,,,Marco Rossi palla rubata ||  rubata ||  rub,
speechTranscriber,it-steal-number,numero una palla rubata,142,142,stat.steal,true,true,,,numero una palla rubata ||  palla rubata,
speechTranscriber,it-turnover,Giulia Bianchi perse,125,125,stat.turnover,true,true,,,"Giulia Bianchi perse ||  Bianchi perse ||  Bianchi Perse ||  Bianchi, perse ||  Bianchi per ||  Bianchise",
speechTranscriber,it-turnover-number,Numero due per sé,131,132,stat.twoMissed,true,true,,,Numero due per sé ||  sé ||  s,
speechTranscriber,it-assist-two,Luca Romano assist Sofia Conti due,150,150,stat.assistTwoMade,true,true,,,Luca Romano assist Sofia Conti due ||  Conti due ||  conti due ||  Conti 2 ||  Conti 2. ||  Conti,
speechTranscriber,it-assist-two-number,Numero tre assist numero 42,167,167,stat.assistTwoMade,true,true,,,Numero tre assist numero 42 ||  numero 42 ||  numero ||  numero 4 42,
speechTranscriber,it-assist-three,Matteo Gallo assist Chiara Esposito tre,157,157,stat.assistThreeMade,true,true,,,Matteo Gallo assist Chiara Esposito tre ||  Esposito tre ||  Esposito 3 ||  Esposito 3. ||  Esposito,
speechTranscriber,it-assist-three-number,Numero 5 assist numero 63,152,152,stat.assistThreeMade,true,true,,,Numero 5 assist numero 63 ||  numero 63 ||  numero ||  numero 6 63,
speechTranscriber,it-steal-turnover,Emma palla rubata Michael,147,147,stat.stealTurnover,true,true,,,Emma palla rubata Michael ||  rubata Michael ||  rubata a Michael ||  rubata,
speechTranscriber,it-steal-turnover-number,"Numero sette, palla rubata numero 8",174,174,stat.stealTurnover,true,true,,,"Numero sette, palla rubata numero 8 ||  8 ||  otto",
speechTranscriber,it-start,Inizio,112,112,event.period,true,true,,,Inizio || inizio || Ini || zio,
speechTranscriber,it-start-number,Inizio della partita,139,139,event.period,true,true,,,Inizio della partita || inizio della partita || Iniinizio della partita || Inizio della || Ini della partita,
speechTranscriber,it-pause,Time out,123,123,event.pause,true,true,,,Time out || time out || Time || me out || Ti out,
speechTranscriber,it-pause-number,adesso,134,134,,true,true,,,adesso || In adesso || Inve adesso || in adesso || ve adesso,
speechTranscriber,it-game-end,Fine partita,118,118,event.game_end,true,true,,,Fine partita || Fine || F partita || ine partita || fineine partita,
speechTranscriber,it-game-end-number,Fine partita,127,127,event.game_end,true,true,,,Fine partita || fine partita || F partita || Fine || fineine partita,
speechTranscriber,it-undo,Annulla,108,108,event.undo,true,true,,,Annulla || nulla || A || A Annulla,
speechTranscriber,it-undo-number,Annulla ultimazione,132,132,event.undo,true,true,,,Annulla ultimazione || Annulla ultima azione || Annulla ultima || ultimazione || Annulla ultimasione,
speechTranscriber,it-redo,Ripeti,116,116,event.redo,true,true,,,Ripeti || ripeti || Ripe || ripetiti,
speechTranscriber,it-redo-number,Ripeti l'ultima invasione,148,148,event.redo,true,true,,,"Ripeti l'ultima invasione || Ripeti, l'ultima invasione || Ripeti l' invasione || Ripeti l'ultimavasione || Ripeti l'ultima invazione",
speechTranscriber,it-substitution,Marco Rossi cambio Giulia Bianchi,163,163,event.substitution,true,true,,,Marco Rossi cambio Giulia Bianchi ||  Bianchi,
speechTranscriber,it-substitution-number,Numero un cambio numero due,165,166,,false,false,,,Numero un cambio numero due ||  due ||  2,
speechTranscriber,ru-two-made,,,,,false,false,当前设备或语音语言不支持 SpeechTranscriber。,,,
speechTranscriber,ru-two-made-number,,,,,false,false,当前设备或语音语言不支持 SpeechTranscriber。,,,
speechTranscriber,ru-two-missed,,,,,false,false,当前设备或语音语言不支持 SpeechTranscriber。,,,
speechTranscriber,ru-two-missed-number,,,,,false,false,当前设备或语音语言不支持 SpeechTranscriber。,,,
speechTranscriber,ru-three-made,,,,,false,false,当前设备或语音语言不支持 SpeechTranscriber。,,,
speechTranscriber,ru-three-made-number,,,,,false,false,当前设备或语音语言不支持 SpeechTranscriber。,,,
speechTranscriber,ru-three-missed,,,,,false,false,当前设备或语音语言不支持 SpeechTranscriber。,,,
speechTranscriber,ru-three-missed-number,,,,,false,false,当前设备或语音语言不支持 SpeechTranscriber。,,,
speechTranscriber,ru-bonus-made,,,,,false,false,当前设备或语音语言不支持 SpeechTranscriber。,,,
speechTranscriber,ru-bonus-made-number,,,,,false,false,当前设备或语音语言不支持 SpeechTranscriber。,,,
speechTranscriber,ru-bonus-missed,,,,,false,false,当前设备或语音语言不支持 SpeechTranscriber。,,,
speechTranscriber,ru-bonus-missed-number,,,,,false,false,当前设备或语音语言不支持 SpeechTranscriber。,,,
speechTranscriber,ru-free-throw-made,,,,,false,false,当前设备或语音语言不支持 SpeechTranscriber。,,,
speechTranscriber,ru-free-throw-made-number,,,,,false,false,当前设备或语音语言不支持 SpeechTranscriber。,,,
speechTranscriber,ru-free-throw-missed,,,,,false,false,当前设备或语音语言不支持 SpeechTranscriber。,,,
speechTranscriber,ru-free-throw-missed-number,,,,,false,false,当前设备或语音语言不支持 SpeechTranscriber。,,,
speechTranscriber,ru-layup-made,,,,,false,false,当前设备或语音语言不支持 SpeechTranscriber。,,,
speechTranscriber,ru-layup-made-number,,,,,false,false,当前设备或语音语言不支持 SpeechTranscriber。,,,
speechTranscriber,ru-layup-missed,,,,,false,false,当前设备或语音语言不支持 SpeechTranscriber。,,,
speechTranscriber,ru-layup-missed-number,,,,,false,false,当前设备或语音语言不支持 SpeechTranscriber。,,,
speechTranscriber,ru-mid-range-made,,,,,false,false,当前设备或语音语言不支持 SpeechTranscriber。,,,
speechTranscriber,ru-mid-range-made-number,,,,,false,false,当前设备或语音语言不支持 SpeechTranscriber。,,,
speechTranscriber,ru-mid-range-missed,,,,,false,false,当前设备或语音语言不支持 SpeechTranscriber。,,,
speechTranscriber,ru-mid-range-missed-number,,,,,false,false,当前设备或语音语言不支持 SpeechTranscriber。,,,
speechTranscriber,ru-paint-made,,,,,false,false,当前设备或语音语言不支持 SpeechTranscriber。,,,
speechTranscriber,ru-paint-made-number,,,,,false,false,当前设备或语音语言不支持 SpeechTranscriber。,,,
speechTranscriber,ru-paint-missed,,,,,false,false,当前设备或语音语言不支持 SpeechTranscriber。,,,
speechTranscriber,ru-paint-missed-number,,,,,false,false,当前设备或语音语言不支持 SpeechTranscriber。,,,
speechTranscriber,ru-putback-made,,,,,false,false,当前设备或语音语言不支持 SpeechTranscriber。,,,
speechTranscriber,ru-putback-made-number,,,,,false,false,当前设备或语音语言不支持 SpeechTranscriber。,,,
speechTranscriber,ru-putback-missed,,,,,false,false,当前设备或语音语言不支持 SpeechTranscriber。,,,
speechTranscriber,ru-putback-missed-number,,,,,false,false,当前设备或语音语言不支持 SpeechTranscriber。,,,
speechTranscriber,ru-dunk-made,,,,,false,false,当前设备或语音语言不支持 SpeechTranscriber。,,,
speechTranscriber,ru-dunk-made-number,,,,,false,false,当前设备或语音语言不支持 SpeechTranscriber。,,,
speechTranscriber,ru-dunk-missed,,,,,false,false,当前设备或语音语言不支持 SpeechTranscriber。,,,
speechTranscriber,ru-dunk-missed-number,,,,,false,false,当前设备或语音语言不支持 SpeechTranscriber。,,,
speechTranscriber,ru-foul,,,,,false,false,当前设备或语音语言不支持 SpeechTranscriber。,,,
speechTranscriber,ru-foul-number,,,,,false,false,当前设备或语音语言不支持 SpeechTranscriber。,,,
speechTranscriber,ru-rebound,,,,,false,false,当前设备或语音语言不支持 SpeechTranscriber。,,,
speechTranscriber,ru-rebound-number,,,,,false,false,当前设备或语音语言不支持 SpeechTranscriber。,,,
speechTranscriber,ru-offensive-rebound,,,,,false,false,当前设备或语音语言不支持 SpeechTranscriber。,,,
speechTranscriber,ru-offensive-rebound-number,,,,,false,false,当前设备或语音语言不支持 SpeechTranscriber。,,,
speechTranscriber,ru-defensive-rebound,,,,,false,false,当前设备或语音语言不支持 SpeechTranscriber。,,,
speechTranscriber,ru-defensive-rebound-number,,,,,false,false,当前设备或语音语言不支持 SpeechTranscriber。,,,
speechTranscriber,ru-assist,,,,,false,false,当前设备或语音语言不支持 SpeechTranscriber。,,,
speechTranscriber,ru-assist-number,,,,,false,false,当前设备或语音语言不支持 SpeechTranscriber。,,,
speechTranscriber,ru-block,,,,,false,false,当前设备或语音语言不支持 SpeechTranscriber。,,,
speechTranscriber,ru-block-number,,,,,false,false,当前设备或语音语言不支持 SpeechTranscriber。,,,
speechTranscriber,ru-steal,,,,,false,false,当前设备或语音语言不支持 SpeechTranscriber。,,,
speechTranscriber,ru-steal-number,,,,,false,false,当前设备或语音语言不支持 SpeechTranscriber。,,,
speechTranscriber,ru-turnover,,,,,false,false,当前设备或语音语言不支持 SpeechTranscriber。,,,
speechTranscriber,ru-turnover-number,,,,,false,false,当前设备或语音语言不支持 SpeechTranscriber。,,,
speechTranscriber,ru-assist-two,,,,,false,false,当前设备或语音语言不支持 SpeechTranscriber。,,,
speechTranscriber,ru-assist-two-number,,,,,false,false,当前设备或语音语言不支持 SpeechTranscriber。,,,
speechTranscriber,ru-assist-three,,,,,false,false,当前设备或语音语言不支持 SpeechTranscriber。,,,
speechTranscriber,ru-assist-three-number,,,,,false,false,当前设备或语音语言不支持 SpeechTranscriber。,,,
speechTranscriber,ru-steal-turnover,,,,,false,false,当前设备或语音语言不支持 SpeechTranscriber。,,,
speechTranscriber,ru-steal-turnover-number,,,,,false,false,当前设备或语音语言不支持 SpeechTranscriber。,,,
speechTranscriber,ru-start,,,,,false,false,当前设备或语音语言不支持 SpeechTranscriber。,,,
speechTranscriber,ru-start-number,,,,,false,false,当前设备或语音语言不支持 SpeechTranscriber。,,,
speechTranscriber,ru-pause,,,,,false,false,当前设备或语音语言不支持 SpeechTranscriber。,,,
speechTranscriber,ru-pause-number,,,,,false,false,当前设备或语音语言不支持 SpeechTranscriber。,,,
speechTranscriber,ru-game-end,,,,,false,false,当前设备或语音语言不支持 SpeechTranscriber。,,,
speechTranscriber,ru-game-end-number,,,,,false,false,当前设备或语音语言不支持 SpeechTranscriber。,,,
speechTranscriber,ru-undo,,,,,false,false,当前设备或语音语言不支持 SpeechTranscriber。,,,
speechTranscriber,ru-undo-number,,,,,false,false,当前设备或语音语言不支持 SpeechTranscriber。,,,
speechTranscriber,ru-redo,,,,,false,false,当前设备或语音语言不支持 SpeechTranscriber。,,,
speechTranscriber,ru-redo-number,,,,,false,false,当前设备或语音语言不支持 SpeechTranscriber。,,,
speechTranscriber,ru-substitution,,,,,false,false,当前设备或语音语言不支持 SpeechTranscriber。,,,
speechTranscriber,ru-substitution-number,,,,,false,false,当前设备或语音语言不支持 SpeechTranscriber。,,,
